date,movieCd,movieNm,showCnt,scrnCnt,openDt,audiAcc
2019-04-01,20176103,돈,5258,1082,2019-03-20,2748519
2019-04-01,20185352,어스,4853,1028,2019-03-27,1009675
2019-04-01,20183773,장난스런 키스,1257,491,2019-03-27,193705
2019-04-01,20181877,캡틴 마블,1718,557,2019-03-06,5560021
2019-04-01,20196025,덤보,1504,565,2019-03-27,224534
2019-04-01,20197846,악질경찰,461,305,2019-03-20,257540
2019-04-01,20180825,미성년,9,9,2019-04-11,3090
2019-04-01,20198146,콜레트,271,161,2019-03-27,25396
2019-04-01,20166301,썬키스 패밀리,561,349,2019-03-27,28340
2019-04-01,20197987,더 길티,245,106,2019-03-27,24030
2019-04-02,20176103,돈,5189,1082,2019-03-20,2810140
2019-04-02,20185352,어스,4714,1015,2019-03-27,1064068
2019-04-02,20183773,장난스런 키스,1256,503,2019-03-27,209869
2019-04-02,20181877,캡틴 마블,1692,562,2019-03-06,5575218
2019-04-02,20196025,덤보,1381,547,2019-03-27,233494
2019-04-02,20197092,로망,24,24,2019-04-03,11150
2019-04-02,20198146,콜레트,269,155,2019-03-27,28655
2019-04-02,20197846,악질경찰,440,291,2019-03-20,260136
2019-04-02,20196244,샤잠!,9,9,2019-04-03,3187
2019-04-02,20166301,썬키스 패밀리,547,344,2019-03-27,30561
2019-04-03,20196244,샤잠!,5199,1132,2019-04-03,89996
2019-04-03,20183096,생일,3735,852,2019-04-03,55927
2019-04-03,20176103,돈,2595,668,2019-03-20,2851405
2019-04-03,20185352,어스,2232,612,2019-03-27,1101819
2019-04-03,20183773,장난스런 키스,495,294,2019-03-27,220364
2019-04-03,20197092,로망,916,405,2019-04-03,19964
2019-04-03,20181877,캡틴 마블,667,342,2019-03-06,5582899
2019-04-03,20196025,덤보,355,257,2019-03-27,236357
2019-04-03,20198104,바이스,11,11,2019-04-11,5515
2019-04-03,20197483,1919 유관순,16,9,2019-03-14,50515
2019-04-04,20196244,샤잠!,5072,1141,2019-04-03,145803
2019-04-04,20183096,생일,3537,847,2019-04-03,99444
2019-04-04,20176103,돈,2585,686,2019-03-20,2887307
2019-04-04,20185352,어스,2162,621,2019-03-27,1133912
2019-04-04,20183773,장난스런 키스,570,342,2019-03-27,230090
2019-04-04,20181877,캡틴 마블,643,340,2019-03-06,5590569
2019-04-04,20197092,로망,881,402,2019-04-03,26313
2019-04-04,20196025,덤보,327,248,2019-03-27,239393
2019-04-04,20198104,바이스,12,12,2019-04-11,7310
2019-04-04,20199814,킹 오브 프리즘 –샤이니 세븐 스타즈- II 카케루x조지x미나토,48,31,2019-04-04,1572
2019-04-05,20196244,샤잠!,5152,1148,2019-04-03,216479
2019-04-05,20183096,생일,3575,862,2019-04-03,156757
2019-04-05,20176103,돈,2719,709,2019-03-20,2934965
2019-04-05,20185352,어스,2293,658,2019-03-27,1181504
2019-04-05,20183773,장난스런 키스,701,383,2019-03-27,246555
2019-04-05,20181877,캡틴 마블,703,371,2019-03-06,5601607
2019-04-05,20197092,로망,775,383,2019-04-03,31978
2019-04-05,20196025,덤보,361,268,2019-03-27,242773
2019-04-05,20198104,바이스,12,12,2019-04-11,9652
2019-04-05,20198043,아픈 만큼 사랑한다,145,115,2019-04-03,4609
2019-04-06,20196244,샤잠!,5252,1125,2019-04-03,376179
2019-04-06,20183096,생일,3652,856,2019-04-03,270086
2019-04-06,20176103,돈,2903,747,2019-03-20,3034628
2019-04-06,20185352,어스,2464,712,2019-03-27,1276901
2019-04-06,20183773,장난스런 키스,899,433,2019-03-27,283818
2019-04-06,20196025,덤보,876,509,2019-03-27,269816
2019-04-06,20181877,캡틴 마블,780,407,2019-03-06,5628256
2019-04-06,20197092,로망,639,393,2019-04-03,39390
2019-04-06,20198023,고릴라와 슈퍼레이스,203,183,2019-04-03,3419
2019-04-06,20198146,콜레트,74,45,2019-03-27,33733
2019-04-07,20196244,샤잠!,4986,1098,2019-04-03,500650
2019-04-07,20183096,생일,3580,856,2019-04-03,375445
2019-04-07,20176103,돈,2823,744,2019-03-20,3117350
2019-04-07,20185352,어스,2392,694,2019-03-27,1344562
2019-04-07,20183773,장난스런 키스,948,438,2019-03-27,318784
2019-04-07,20196025,덤보,912,520,2019-03-27,296253
2019-04-07,20181877,캡틴 마블,797,421,2019-03-06,5649943
2019-04-07,20197092,로망,634,399,2019-04-03,46938
2019-04-07,20198023,고릴라와 슈퍼레이스,200,176,2019-04-03,5158
2019-04-07,20198146,콜레트,70,45,2019-03-27,35223
2019-04-08,20183096,생일,3488,824,2019-04-03,414584
2019-04-08,20196244,샤잠!,4202,1005,2019-04-03,529505
2019-04-08,20176103,돈,2682,666,2019-03-20,3144521
2019-04-08,20185352,어스,2139,621,2019-03-27,1363682
2019-04-08,20183773,장난스런 키스,836,374,2019-03-27,328038
2019-04-08,20181877,캡틴 마블,784,374,2019-03-06,5656785
2019-04-08,20197092,로망,705,395,2019-04-03,51869
2019-04-08,20196025,덤보,323,238,2019-03-27,298095
2019-04-08,20188393,"다시, 봄",4,4,2019-04-17,1476
2019-04-08,20198146,콜레트,77,51,2019-03-27,36252
2019-04-09,20183096,생일,3546,856,2019-04-03,454816
2019-04-09,20176103,돈,2645,705,2019-03-20,3169423
2019-04-09,20196244,샤잠!,3905,1000,2019-04-03,553399
2019-04-09,20185352,어스,2040,614,2019-03-27,1379883
2019-04-09,20183773,장난스런 키스,818,373,2019-03-27,335770
2019-04-09,20181877,캡틴 마블,778,383,2019-03-06,5663307
2019-04-09,20197092,로망,709,405,2019-04-03,57212
2019-04-09,20196025,덤보,335,242,2019-03-27,300095
2019-04-09,20197483,1919 유관순,17,11,2019-03-14,53153
2019-04-09,20198104,바이스,18,18,2019-04-11,10605
2019-04-10,20183096,생일,3063,791,2019-04-03,498167
2019-04-10,20185406,헬보이,2164,585,2019-04-10,36414
2019-04-10,20176103,돈,2206,589,2019-03-20,3194286
2019-04-10,20197423,공포의 묘지,2013,564,2019-04-10,19512
2019-04-10,20196244,샤잠!,2275,686,2019-04-03,569214
2019-04-10,20185352,어스,1412,483,2019-03-27,1393651
2019-04-10,20198403,파이브 피트,1363,445,2019-04-10,17913
2019-04-10,20183773,장난스런 키스,705,334,2019-03-27,344983
2019-04-10,20181877,캡틴 마블,440,231,2019-03-06,5667685
2019-04-10,20197092,로망,226,149,2019-04-03,60426
2019-04-11,20183096,생일,2526,717,2019-04-03,530691
2019-04-11,20185406,헬보이,2142,658,2019-04-10,64661
2019-04-11,20180825,미성년,2499,586,2019-04-11,27610
2019-04-11,20176103,돈,1445,525,2019-03-20,3209315
2019-04-11,20197423,공포의 묘지,1655,529,2019-04-10,32202
2019-04-11,20198104,바이스,938,227,2019-04-11,21621
2019-04-11,20198844,아이 엠 마더,722,169,2019-04-11,9162
2019-04-11,20196244,샤잠!,1530,554,2019-04-03,578185
2019-04-11,20185352,어스,891,410,2019-03-27,1402122
2019-04-11,20198403,파이브 피트,1146,417,2019-04-10,25911
2019-04-12,20183096,생일,2751,773,2019-04-03,577613
2019-04-12,20185406,헬보이,2285,680,2019-04-10,98479
2019-04-12,20180825,미성년,2639,601,2019-04-11,56428
2019-04-12,20176103,돈,1482,536,2019-03-20,3229304
2019-04-12,20197423,공포의 묘지,1626,548,2019-04-10,47179
2019-04-12,20198104,바이스,944,235,2019-04-11,35115
2019-04-12,20196244,샤잠!,1455,555,2019-04-03,591308
2019-04-12,20185352,어스,909,411,2019-03-27,1414274
2019-04-12,20198403,파이브 피트,1158,434,2019-04-10,36325
2019-04-12,20198844,아이 엠 마더,747,183,2019-04-11,18321
2019-04-13,20183096,생일,3271,862,2019-04-03,663642
2019-04-13,20185406,헬보이,2596,726,2019-04-10,159669
2019-04-13,20180825,미성년,2834,670,2019-04-11,98037
2019-04-13,20176103,돈,1554,561,2019-03-20,3264802
2019-04-13,20196244,샤잠!,1361,581,2019-04-03,615040
2019-04-13,20198104,바이스,949,241,2019-04-11,57313
2019-04-13,20197423,공포의 묘지,1514,516,2019-04-10,69276
2019-04-13,20185352,어스,842,406,2019-03-27,1434342
2019-04-13,20198844,아이 엠 마더,837,213,2019-04-11,34429
2019-04-13,20183773,장난스런 키스,596,307,2019-03-27,375214
2019-04-14,20183096,생일,3228,865,2019-04-03,761774
2019-04-14,20185406,헬보이,2558,726,2019-04-10,220243
2019-04-14,20180825,미성년,2745,673,2019-04-11,141588
2019-04-14,20176103,돈,1542,563,2019-03-20,3302781
2019-04-14,20196244,샤잠!,1277,563,2019-04-03,636971
2019-04-14,20198104,바이스,915,238,2019-04-11,77388
2019-04-14,20197423,공포의 묘지,1384,498,2019-04-10,87134
2019-04-14,20198844,아이 엠 마더,807,212,2019-04-11,52093
2019-04-14,20198403,파이브 피트,1026,457,2019-04-10,67395
2019-04-14,20185352,어스,800,384,2019-03-27,1450902
2019-04-15,20183096,생일,2951,800,2019-04-03,791883
2019-04-15,20185406,헬보이,2344,632,2019-04-10,238097
2019-04-15,20180825,미성년,2499,612,2019-04-11,157817
2019-04-15,20176103,돈,1469,522,2019-03-20,3314856
2019-04-15,20198403,파이브 피트,953,428,2019-04-10,74079
2019-04-15,20198104,바이스,811,225,2019-04-11,83882
2019-04-15,20198844,아이 엠 마더,720,180,2019-04-11,57996
2019-04-15,20197423,공포의 묘지,1086,442,2019-04-10,92642
2019-04-15,20185352,어스,699,366,2019-03-27,1455540
2019-04-15,20196244,샤잠!,954,462,2019-04-03,641178
2019-04-16,20183096,생일,3085,827,2019-04-03,834272
2019-04-16,20180825,미성년,2381,628,2019-04-11,172834
2019-04-16,20185406,헬보이,2240,623,2019-04-10,251823
2019-04-16,20176103,돈,1418,542,2019-03-20,3325302
2019-04-16,20185784,나의 특별한 형제,48,48,2019-05-01,10965
2019-04-16,20198403,파이브 피트,945,424,2019-04-10,80608
2019-04-16,20198104,바이스,796,226,2019-04-11,89773
2019-04-16,20198844,아이 엠 마더,706,189,2019-04-11,62626
2019-04-16,20181877,캡틴 마블,346,213,2019-03-06,5703850
2019-04-16,20185352,어스,667,349,2019-03-27,1459681
2019-04-17,20183096,생일,2719,709,2019-04-03,866811
2019-04-17,20183454,요로나의 저주,2707,579,2019-04-17,26321
2019-04-17,20180825,미성년,1600,536,2019-04-11,185137
2019-04-17,20185406,헬보이,1760,524,2019-04-10,262240
2019-04-17,20182501,왓칭,1501,488,2019-04-17,10764
2019-04-17,20176103,돈,1086,433,2019-03-20,3333479
2019-04-17,20198104,바이스,638,193,2019-04-11,95136
2019-04-17,20185784,나의 특별한 형제,23,19,2019-05-01,16015
2019-04-17,19990220,노팅 힐,512,168,1999-07-03,4615
2019-04-17,20188393,"다시, 봄",822,360,2019-04-17,7666
2019-04-18,20183096,생일,2496,671,2019-04-03,895826
2019-04-18,20183454,요로나의 저주,2505,585,2019-04-17,46529
2019-04-18,20198982,크게 될 놈,798,363,2019-04-18,16364
2019-04-18,20180825,미성년,1323,507,2019-04-11,195500
2019-04-18,20185406,헬보이,1443,488,2019-04-10,270478
2019-04-18,20176103,돈,825,394,2019-03-20,3340146
2019-04-18,20182501,왓칭,1289,465,2019-04-17,16889
2019-04-18,19990220,노팅 힐,542,173,1999-07-03,8733
2019-04-18,20198104,바이스,516,182,2019-04-11,99042
2019-04-18,20185784,나의 특별한 형제,14,14,2019-05-01,19892
2019-04-19,20183096,생일,2744,727,2019-04-03,932672
2019-04-19,20183454,요로나의 저주,2589,590,2019-04-17,74771
2019-04-19,20198982,크게 될 놈,999,418,2019-04-18,29127
2019-04-19,20180825,미성년,1401,541,2019-04-11,207929
2019-04-19,20185406,헬보이,1471,517,2019-04-10,280649
2019-04-19,20176103,돈,851,387,2019-03-20,3348759
2019-04-19,20182501,왓칭,1287,475,2019-04-17,24846
2019-04-19,20181877,캡틴 마블,303,161,2019-03-06,5718476
2019-04-19,20198104,바이스,543,184,2019-04-11,104471
2019-04-19,19990220,노팅 힐,567,181,1999-07-03,14050
2019-04-20,20183096,생일,3317,878,2019-04-03,1003098
2019-04-20,20183454,요로나의 저주,2678,620,2019-04-17,123408
2019-04-20,20180825,미성년,1494,560,2019-04-11,228596
2019-04-20,20181877,캡틴 마블,466,202,2019-03-06,5737083
2019-04-20,20198982,크게 될 놈,1236,447,2019-04-18,46796
2019-04-20,20185406,헬보이,1526,517,2019-04-10,298000
2019-04-20,20176103,돈,937,404,2019-03-20,3364601
2019-04-20,20182501,왓칭,1243,484,2019-04-17,35976
2019-04-20,19990220,노팅 힐,611,183,1999-07-03,23362
2019-04-20,20198104,바이스,557,192,2019-04-11,113743
2019-04-21,20183096,생일,3232,855,2019-04-03,1066140
2019-04-21,20183454,요로나의 저주,2546,587,2019-04-17,161060
2019-04-21,20180825,미성년,1459,561,2019-04-11,248101
2019-04-21,20181877,캡틴 마블,521,223,2019-03-06,5755436
2019-04-21,20198982,크게 될 놈,1221,445,2019-04-18,62272
2019-04-21,20185406,헬보이,1446,510,2019-04-10,311910
2019-04-21,20176103,돈,914,404,2019-03-20,3378078
2019-04-21,20182501,왓칭,1164,463,2019-04-17,46139
2019-04-21,19990220,노팅 힐,589,183,1999-07-03,31419
2019-04-21,20198104,바이스,535,192,2019-04-11,121583
2019-04-22,20183096,생일,2836,783,2019-04-03,1088135
2019-04-22,20183454,요로나의 저주,2098,557,2019-04-17,173865
2019-04-22,20180825,미성년,1364,516,2019-04-11,257385
2019-04-22,20198982,크게 될 놈,1076,413,2019-04-18,70253
2019-04-22,20181877,캡틴 마블,498,196,2019-03-06,5762512
2019-04-22,20176103,돈,825,371,2019-03-20,3382937
2019-04-22,20185406,헬보이,1200,466,2019-04-10,316751
2019-04-22,20182501,왓칭,908,413,2019-04-17,50061
2019-04-22,19990220,노팅 힐,538,171,1999-07-03,35241
2019-04-22,20198844,아이 엠 마더,431,139,2019-04-11,87314
2019-04-23,20183096,생일,2830,783,2019-04-03,1110008
2019-04-23,20183454,요로나의 저주,1980,557,2019-04-17,184603
2019-04-23,20180825,미성년,1397,537,2019-04-11,267529
2019-04-23,20198982,크게 될 놈,1096,422,2019-04-18,80038
2019-04-23,20181877,캡틴 마블,548,212,2019-03-06,5771132
2019-04-23,20176103,돈,804,375,2019-03-20,3387540
2019-04-23,20185406,헬보이,1129,465,2019-04-10,321118
2019-04-23,19990220,노팅 힐,543,175,1999-07-03,39513
2019-04-23,20198844,아이 엠 마더,427,135,2019-04-11,91358
2019-04-23,20182501,왓칭,866,423,2019-04-17,53500
2019-04-24,20184889,어벤져스: 엔드게임,12544,2760,2019-04-24,1339353
2019-04-24,20183096,생일,883,422,2019-04-03,1127668
2019-04-24,20180825,미성년,207,156,2019-04-11,270844
2019-04-24,20198982,크게 될 놈,280,203,2019-04-18,83160
2019-04-24,20183454,요로나의 저주,275,183,2019-04-17,187616
2019-04-24,19990220,노팅 힐,178,128,1999-07-03,41131
2019-04-24,20181877,캡틴 마블,65,55,2019-03-06,5772629
2019-04-24,20198104,바이스,91,62,2019-04-11,128135
2019-04-24,20198912,노무현과 바보들,177,163,2019-04-18,17347
2019-04-24,20199189,미스 스티븐스,16,15,2019-05-02,1185
2019-04-25,20184889,어벤져스: 엔드게임,12337,2759,2019-04-24,2171533
2019-04-25,20198183,뽀로로 극장판 보물섬 대모험,935,530,2019-04-25,18580
2019-04-25,20183096,생일,777,423,2019-04-03,1137043
2019-04-25,20183454,요로나의 저주,234,160,2019-04-17,189697
2019-04-25,20180825,미성년,156,129,2019-04-11,272839
2019-04-25,20198982,크게 될 놈,171,127,2019-04-18,85152
2019-04-25,20181877,캡틴 마블,72,60,2019-03-06,5774419
2019-04-25,19990220,노팅 힐,191,125,1999-07-03,42740
2019-04-25,20169323,안도 타다오,55,43,2019-04-25,2357
2019-04-25,20198912,노무현과 바보들,38,33,2019-04-18,18142
2019-04-26,20184889,어벤져스: 엔드게임,12831,2796,2019-04-24,3218224
2019-04-26,20198183,뽀로로 극장판 보물섬 대모험,927,508,2019-04-25,34531
2019-04-26,20183096,생일,714,410,2019-04-03,1148553
2019-04-26,20183454,요로나의 저주,222,158,2019-04-17,192502
2019-04-26,20181877,캡틴 마블,83,66,2019-03-06,5776949
2019-04-26,20180825,미성년,159,128,2019-04-11,275333
2019-04-26,19990220,노팅 힐,196,129,1999-07-03,44979
2019-04-26,20198982,크게 될 놈,154,110,2019-04-18,87318
2019-04-26,20169323,안도 타다오,58,44,2019-04-25,3780
2019-04-26,20198104,바이스,72,53,2019-04-11,129504
2019-04-27,20184889,어벤져스: 엔드게임,13397,2835,2019-04-24,4880693
2019-04-27,20198183,뽀로로 극장판 보물섬 대모험,1635,728,2019-04-25,152303
2019-04-27,20183096,생일,471,334,2019-04-03,1159311
2019-04-27,20181877,캡틴 마블,65,54,2019-03-06,5780270
2019-04-27,20183454,요로나의 저주,150,128,2019-04-17,195225
2019-04-27,19990220,노팅 힐,147,112,1999-07-03,47399
2019-04-27,20180825,미성년,118,106,2019-04-11,277622
2019-04-27,20169323,안도 타다오,64,48,2019-04-25,5641
2019-04-27,20198982,크게 될 놈,114,93,2019-04-18,89082
2019-04-27,20183773,장난스런 키스,39,35,2019-03-27,424479
2019-04-28,20184889,어벤져스: 엔드게임,13055,2833,2019-04-24,6308048
2019-04-28,20198183,뽀로로 극장판 보물섬 대모험,1655,736,2019-04-25,275016
2019-04-28,20183096,생일,460,345,2019-04-03,1168386
2019-04-28,20181877,캡틴 마블,64,54,2019-03-06,5783218
2019-04-28,19990220,노팅 힐,144,115,1999-07-03,49958
2019-04-28,20169323,안도 타다오,61,47,2019-04-25,7824
2019-04-28,20183454,요로나의 저주,140,125,2019-04-17,197125
2019-04-28,20180825,미성년,102,93,2019-04-11,279305
2019-04-28,20198982,크게 될 놈,108,88,2019-04-18,90320
2019-04-28,20198104,바이스,63,45,2019-04-11,131698
2019-04-29,20184889,어벤져스: 엔드게임,12415,2794,2019-04-24,6779837
2019-04-29,20198183,뽀로로 극장판 보물섬 대모험,825,462,2019-04-25,284663
2019-04-29,20183096,생일,622,378,2019-04-03,1174396
2019-04-29,20199448,어린 의뢰인,12,10,2019-05-22,4798
2019-04-29,19990220,노팅 힐,198,132,1999-07-03,51934
2019-04-29,20197147,어글리 돌,13,13,2019-05-01,1989
2019-04-29,20198982,크게 될 놈,153,113,2019-04-18,91949
2019-04-29,20180825,미성년,134,111,2019-04-11,280787
2019-04-29,20181877,캡틴 마블,88,65,2019-03-06,5784637
2019-04-29,20197503,서스페리아,17,17,2019-05-16,1412
2019-04-30,20184889,어벤져스: 엔드게임,12584,2802,2019-04-24,7331158
2019-04-30,20198183,뽀로로 극장판 보물섬 대모험,837,476,2019-04-25,295380
2019-04-30,20183096,생일,649,403,2019-04-03,1183373
2019-04-30,20184082,걸캅스,17,10,2019-05-09,3926
2019-04-30,19990220,노팅 힐,203,140,1999-07-03,54586
2019-04-30,20180825,미성년,164,133,2019-04-11,283323
2019-04-30,20181877,캡틴 마블,91,64,2019-03-06,5787033
2019-04-30,20198982,크게 될 놈,145,110,2019-04-18,93471
2019-04-30,20183454,요로나의 저주,151,123,2019-04-17,199530
2019-04-30,20169323,안도 타다오,64,43,2019-04-25,10088
2019-05-01,20184889,어벤져스: 엔드게임,11104,2508,2019-04-24,8242532
2019-05-01,20185784,나의 특별한 형제,3019,734,2019-05-01,169371
2019-05-01,20198183,뽀로로 극장판 보물섬 대모험,1297,669,2019-04-25,397761
2019-05-01,20197147,어글리 돌,417,353,2019-05-01,15838
2019-05-01,20183096,생일,141,102,2019-04-03,1186762
2019-05-01,20199736,프렌즈: 둥지탈출,191,185,2019-05-01,3276
2019-05-01,20181877,캡틴 마블,73,48,2019-03-06,5789570
2019-05-01,20169323,안도 타다오,69,49,2019-04-25,12276
2019-05-01,20180825,미성년,53,39,2019-04-11,285135
2019-05-01,19990220,노팅 힐,42,32,1999-07-03,55691
2019-05-02,20184889,어벤져스: 엔드게임,10630,2458,2019-04-24,8619354
2019-05-02,20185784,나의 특별한 형제,3147,770,2019-05-01,241710
2019-05-02,20198183,뽀로로 극장판 보물섬 대모험,723,465,2019-04-25,408231
2019-05-02,20060347,판의 미로 - 오필리아와 세 개의 열쇠,92,44,2006-11-30,475949
2019-05-02,20187981,배심원들,14,11,2019-05-15,3473
2019-05-02,20197147,어글리 돌,235,212,2019-05-01,18706
2019-05-02,20198598,명탐정 피카츄,11,11,2019-05-09,2182
2019-05-02,20199189,미스 스티븐스,109,64,2019-05-02,3413
2019-05-02,20190923,킹 오브 프리즘 -샤이니 세븐 스타즈- Ⅲ 레오×유우×알렉,47,34,2019-05-02,1455
2019-05-02,20181877,캡틴 마블,90,58,2019-03-06,5790979
2019-05-03,20184889,어벤져스: 엔드게임,11045,2490,2019-04-24,9186414
2019-05-03,20185784,나의 특별한 형제,3129,784,2019-05-01,339402
2019-05-03,20198183,뽀로로 극장판 보물섬 대모험,819,513,2019-04-25,424181
2019-05-03,20197147,어글리 돌,269,242,2019-05-01,22630
2019-05-03,20199736,프렌즈: 둥지탈출,106,103,2019-05-01,6926
2019-05-03,20060347,판의 미로 - 오필리아와 세 개의 열쇠,91,38,2006-11-30,477662
2019-05-03,20183096,생일,135,98,2019-04-03,1189606
2019-05-03,20199189,미스 스티븐스,111,64,2019-05-02,4973
2019-05-03,20181877,캡틴 마블,86,58,2019-03-06,5792523
2019-05-03,20169323,안도 타다오,81,51,2019-04-25,14578
2019-05-04,20184889,어벤져스: 엔드게임,10623,2443,2019-04-24,10086279
2019-05-04,20185784,나의 특별한 형제,2746,745,2019-05-01,486186
2019-05-04,20198183,뽀로로 극장판 보물섬 대모험,1660,763,2019-04-25,499802
2019-05-04,20198598,명탐정 피카츄,1569,628,2019-05-09,56352
2019-05-04,20197147,어글리 돌,349,310,2019-05-01,29072
2019-05-04,20060347,판의 미로 - 오필리아와 세 개의 열쇠,89,38,2006-11-30,480095
2019-05-04,20199189,미스 스티븐스,99,62,2019-05-02,7080
2019-05-04,20181877,캡틴 마블,62,41,2019-03-06,5794498
2019-05-04,20169323,안도 타다오,80,53,2019-04-25,16311
2019-05-04,20199736,프렌즈: 둥지탈출,140,135,2019-05-01,8617
2019-05-05,20184889,어벤져스: 엔드게임,10486,2430,2019-04-24,10952315
2019-05-05,20185784,나의 특별한 형제,2842,785,2019-05-01,660849
2019-05-05,20198183,뽀로로 극장판 보물섬 대모험,1845,797,2019-04-25,580290
2019-05-05,20198598,명탐정 피카츄,1550,641,2019-05-09,119716
2019-05-05,20197147,어글리 돌,381,331,2019-05-01,37541
2019-05-05,20060347,판의 미로 - 오필리아와 세 개의 열쇠,88,37,2006-11-30,482408
2019-05-05,20199189,미스 스티븐스,92,60,2019-05-02,8943
2019-05-05,20169323,안도 타다오,79,53,2019-04-25,18100
2019-05-05,20199736,프렌즈: 둥지탈출,165,157,2019-05-01,10185
2019-05-05,20181877,캡틴 마블,63,43,2019-03-06,5796057
2019-05-06,20184889,어벤져스: 엔드게임,9958,2384,2019-04-24,11591672
2019-05-06,20185784,나의 특별한 형제,3060,811,2019-05-01,838679
2019-05-06,20198183,뽀로로 극장판 보물섬 대모험,1555,711,2019-04-25,659595
2019-05-06,20198598,명탐정 피카츄,1452,604,2019-05-09,187882
2019-05-06,20197147,어글리 돌,343,310,2019-05-01,47126
2019-05-06,20199189,미스 스티븐스,98,55,2019-05-02,11213
2019-05-06,20060347,판의 미로 - 오필리아와 세 개의 열쇠,90,36,2006-11-30,484458
2019-05-06,20199736,프렌즈: 둥지탈출,165,158,2019-05-01,12214
2019-05-06,20169323,안도 타다오,66,45,2019-04-25,19794
2019-05-06,20181877,캡틴 마블,64,46,2019-03-06,5797322
2019-05-07,20184889,어벤져스: 엔드게임,9295,2320,2019-04-24,11756018
2019-05-07,20185784,나의 특별한 형제,3697,936,2019-05-01,918019
2019-05-07,20188941,악인전,48,42,2019-05-15,10224
2019-05-07,20198183,뽀로로 극장판 보물섬 대모험,686,438,2019-04-25,665616
2019-05-07,20187981,배심원들,8,8,2019-05-15,5488
2019-05-07,20199448,어린 의뢰인,7,7,2019-05-22,7100
2019-05-07,20169323,안도 타다오,95,75,2019-04-25,21186
2019-05-07,20197147,어글리 돌,207,189,2019-05-01,48488
2019-05-07,20183096,생일,157,114,2019-04-03,1193227
2019-05-07,20184082,걸캅스,17,17,2019-05-09,5618
2019-05-08,20184889,어벤져스: 엔드게임,8662,2167,2019-04-24,11876179
2019-05-08,20185784,나의 특별한 형제,3582,855,2019-05-01,976585
2019-05-08,20185384,호텔 뭄바이,787,207,2019-05-08,9359
2019-05-08,20188941,악인전,20,20,2019-05-15,13738
2019-05-08,20198183,뽀로로 극장판 보물섬 대모험,516,359,2019-04-25,669082
2019-05-08,20199623,고양이 여행 리포트,6,6,2019-05-09,3181
2019-05-08,20187981,배심원들,6,6,2019-05-15,6571
2019-05-08,20199189,미스 스티븐스,104,52,2019-05-02,13095
2019-05-08,20199448,어린 의뢰인,5,5,2019-05-22,8024
2019-05-08,20060347,판의 미로 - 오필리아와 세 개의 열쇠,90,37,2006-11-30,486208
2019-05-09,20184889,어벤져스: 엔드게임,6393,1677,2019-04-24,11986726
2019-05-09,20184082,걸캅스,3434,760,2019-05-09,80505
2019-05-09,20185784,나의 특별한 형제,2513,714,2019-05-01,1017310
2019-05-09,20198598,명탐정 피카츄,2226,697,2019-05-09,215236
2019-05-09,20188941,악인전,34,34,2019-05-15,20428
2019-05-09,20185384,호텔 뭄바이,635,200,2019-05-08,14256
2019-05-09,20187981,배심원들,18,18,2019-05-15,11034
2019-05-09,20198183,뽀로로 극장판 보물섬 대모험,280,220,2019-04-25,672089
2019-05-09,20199923,라플라스의 마녀,199,116,2019-05-09,2371
2019-05-09,20199949,벤 이즈 백,134,72,2019-05-09,2247
2019-05-10,20184889,어벤져스: 엔드게임,6562,1702,2019-04-24,12154535
2019-05-10,20184082,걸캅스,3661,834,2019-05-09,181054
2019-05-10,20185784,나의 특별한 형제,2648,770,2019-05-01,1075417
2019-05-10,20198598,명탐정 피카츄,2249,701,2019-05-09,250280
2019-05-10,20185384,호텔 뭄바이,612,196,2019-05-08,19572
2019-05-10,20198183,뽀로로 극장판 보물섬 대모험,289,224,2019-04-25,675486
2019-05-10,20199923,라플라스의 마녀,182,112,2019-05-09,4029
2019-05-10,20199949,벤 이즈 백,132,73,2019-05-09,3474
2019-05-10,20186651,뷰티풀 보이스,5,4,2019-05-22,1167
2019-05-10,20199623,고양이 여행 리포트,121,69,2019-05-09,4609
2019-05-11,20184889,어벤져스: 엔드게임,6557,1687,2019-04-24,12508754
2019-05-11,20184082,걸캅스,4028,941,2019-05-09,388660
2019-05-11,20185784,나의 특별한 형제,2734,787,2019-05-01,1181591
2019-05-11,20198598,명탐정 피카츄,2382,798,2019-05-09,353157
2019-05-11,20198183,뽀로로 극장판 보물섬 대모험,674,453,2019-04-25,698768
2019-05-11,20185384,호텔 뭄바이,477,169,2019-05-08,28750
2019-05-11,20187981,배심원들,296,193,2019-05-15,17800
2019-05-11,20199949,벤 이즈 백,124,72,2019-05-09,5471
2019-05-11,20199923,라플라스의 마녀,157,106,2019-05-09,5846
2019-05-11,20199623,고양이 여행 리포트,109,67,2019-05-09,5958
2019-05-12,20184889,어벤져스: 엔드게임,6308,1665,2019-04-24,12799532
2019-05-12,20184082,걸캅스,4070,973,2019-05-09,591968
2019-05-12,20198598,명탐정 피카츄,2405,817,2019-05-09,453858
2019-05-12,20185784,나의 특별한 형제,2655,783,2019-05-01,1275403
2019-05-12,20198183,뽀로로 극장판 보물섬 대모험,665,447,2019-04-25,721423
2019-05-12,20185384,호텔 뭄바이,444,166,2019-05-08,37029
2019-05-12,20187981,배심원들,277,184,2019-05-15,23716
2019-05-12,20199949,벤 이즈 백,122,78,2019-05-09,6999
2019-05-12,20199923,라플라스의 마녀,138,97,2019-05-09,7209
2019-05-12,20199623,고양이 여행 리포트,112,75,2019-05-09,7161
2019-05-13,20184889,어벤져스: 엔드게임,5771,1537,2019-04-24,12881910
2019-05-13,20184082,걸캅스,4185,894,2019-05-09,665942
2019-05-13,20185784,나의 특별한 형제,2582,689,2019-05-01,1303318
2019-05-13,20198598,명탐정 피카츄,2016,647,2019-05-09,472941
2019-05-13,20185384,호텔 뭄바이,483,194,2019-05-08,41347
2019-05-13,20187981,배심원들,8,8,2019-05-15,25511
2019-05-13,20198183,뽀로로 극장판 보물섬 대모험,237,194,2019-04-25,723002
2019-05-13,20199949,벤 이즈 백,120,71,2019-05-09,7894
2019-05-13,20199923,라플라스의 마녀,136,91,2019-05-09,7801
2019-05-13,20199623,고양이 여행 리포트,104,62,2019-05-09,7647
2019-05-14,20184082,걸캅스,4236,942,2019-05-09,742486
2019-05-14,20184889,어벤져스: 엔드게임,5639,1545,2019-04-24,12951810
2019-05-14,20185784,나의 특별한 형제,2601,741,2019-05-01,1331746
2019-05-14,20198598,명탐정 피카츄,1959,649,2019-05-09,491059
2019-05-14,20185384,호텔 뭄바이,503,201,2019-05-08,45591
2019-05-14,20199448,어린 의뢰인,17,17,2019-05-22,11456
2019-05-14,20198183,뽀로로 극장판 보물섬 대모험,243,195,2019-04-25,724974
2019-05-14,20187981,배심원들,16,16,2019-05-15,27012
2019-05-14,20199949,벤 이즈 백,127,74,2019-05-09,8991
2019-05-14,20199923,라플라스의 마녀,135,96,2019-05-09,8518
2019-05-15,20188941,악인전,5187,1048,2019-05-15,196391
2019-05-15,20184082,걸캅스,2927,756,2019-05-09,806485
2019-05-15,20184889,어벤져스: 엔드게임,3056,936,2019-04-24,13013963
2019-05-15,20187981,배심원들,3049,784,2019-05-15,52941
2019-05-15,20185784,나의 특별한 형제,1320,514,2019-05-01,1351920
2019-05-15,20198598,명탐정 피카츄,872,454,2019-05-09,504041
2019-05-15,20185384,호텔 뭄바이,251,147,2019-05-08,47721
2019-05-15,20198183,뽀로로 극장판 보물섬 대모험,126,98,2019-04-25,726365
2019-05-15,20183096,생일,14,13,2019-04-03,1195385
2019-05-15,20199448,어린 의뢰인,5,5,2019-05-22,12182
2019-05-16,20188941,악인전,5379,1109,2019-05-15,366934
2019-05-16,20184889,어벤져스: 엔드게임,2841,887,2019-04-24,13064800
2019-05-16,20184082,걸캅스,2953,809,2019-05-09,855994
2019-05-16,20187981,배심원들,2673,726,2019-05-15,71834
2019-05-16,20185784,나의 특별한 형제,1061,478,2019-05-01,1364982
2019-05-16,20198598,명탐정 피카츄,689,401,2019-05-09,512436
2019-05-16,20197503,서스페리아,476,257,2019-05-16,6226
2019-05-16,20198597,교회오빠,251,188,2019-05-16,7395
2019-05-16,20190270,나의 히어로 아카데미아 더 무비: 두 명의 히어로,155,85,2019-05-16,2902
2019-05-16,20185384,호텔 뭄바이,233,134,2019-05-08,49438
2019-05-17,20188941,악인전,5891,1185,2019-05-15,584509
2019-05-17,20184889,어벤져스: 엔드게임,2894,891,2019-04-24,13138069
2019-05-17,20184082,걸캅스,3324,872,2019-05-09,926765
2019-05-17,20187981,배심원들,2368,648,2019-05-15,97693
2019-05-17,20185784,나의 특별한 형제,1077,478,2019-05-01,1379943
2019-05-17,20198598,명탐정 피카츄,761,440,2019-05-09,524921
2019-05-17,20197503,서스페리아,439,238,2019-05-16,10321
2019-05-17,20198597,교회오빠,263,193,2019-05-16,11269
2019-05-17,20185384,호텔 뭄바이,247,144,2019-05-08,51937
2019-05-17,20190270,나의 히어로 아카데미아 더 무비: 두 명의 히어로,137,83,2019-05-16,4492
2019-05-18,20188941,악인전,6571,1298,2019-05-15,1039502
2019-05-18,20184889,어벤져스: 엔드게임,3024,958,2019-04-24,13307643
2019-05-18,20184082,걸캅스,3585,885,2019-05-09,1084377
2019-05-18,20198598,명탐정 피카츄,1158,594,2019-05-09,577777
2019-05-18,20187981,배심원들,1903,628,2019-05-15,145088
2019-05-18,20185784,나의 특별한 형제,1003,496,2019-05-01,1406780
2019-05-18,20198183,뽀로로 극장판 보물섬 대모험,293,223,2019-04-25,739673
2019-05-18,20197503,서스페리아,379,238,2019-05-16,15682
2019-05-18,20198597,교회오빠,267,195,2019-05-16,16232
2019-05-18,20185384,호텔 뭄바이,224,143,2019-05-08,56553
2019-05-19,20188941,악인전,6503,1307,2019-05-15,1480292
2019-05-19,20184889,어벤져스: 엔드게임,2971,956,2019-04-24,13453640
2019-05-19,20184082,걸캅스,3479,865,2019-05-09,1227825
2019-05-19,20198598,명탐정 피카츄,1175,615,2019-05-09,635128
2019-05-19,20187981,배심원들,1789,615,2019-05-15,192178
2019-05-19,20185784,나의 특별한 형제,941,483,2019-05-01,1430791
2019-05-19,20198183,뽀로로 극장판 보물섬 대모험,317,234,2019-04-25,752508
2019-05-19,20198597,교회오빠,241,175,2019-05-16,21806
2019-05-19,20185384,호텔 뭄바이,223,139,2019-05-08,61163
2019-05-19,20197503,서스페리아,337,231,2019-05-16,19684
2019-05-20,20188941,악인전,6250,1214,2019-05-15,1645879
2019-05-20,20184889,어벤져스: 엔드게임,2668,845,2019-04-24,13495282
2019-05-20,20184082,걸캅스,3341,815,2019-05-09,1269139
2019-05-20,20187981,배심원들,1815,621,2019-05-15,212589
2019-05-20,20185784,나의 특별한 형제,901,430,2019-05-01,1437656
2019-05-20,20198598,명탐정 피카츄,720,395,2019-05-09,641936
2019-05-20,20198597,교회오빠,279,191,2019-05-16,25186
2019-05-20,20199448,어린 의뢰인,14,14,2019-05-22,16858
2019-05-20,20197503,서스페리아,332,216,2019-05-16,21961
2019-05-20,20185384,호텔 뭄바이,237,128,2019-05-08,62945
2019-05-21,20188941,악인전,6234,1217,2019-05-15,1784708
2019-05-21,20184082,걸캅스,3322,828,2019-05-09,1308151
2019-05-21,20184889,어벤져스: 엔드게임,2644,854,2019-04-24,13531329
2019-05-21,20187981,배심원들,1804,607,2019-05-15,227562
2019-05-21,20185784,나의 특별한 형제,895,440,2019-05-01,1444326
2019-05-21,20198598,명탐정 피카츄,698,383,2019-05-09,648117
2019-05-21,20198597,교회오빠,293,200,2019-05-16,30073
2019-05-21,20185384,호텔 뭄바이,241,134,2019-05-08,65975
2019-05-21,20197503,서스페리아,325,221,2019-05-16,24217
2019-05-21,20190725,물의 기억,145,83,2019-05-15,10353
2019-05-22,20188941,악인전,6040,1124,2019-05-15,1914726
2019-05-22,20184082,걸캅스,3072,714,2019-05-09,1346991
2019-05-22,20184889,어벤져스: 엔드게임,2205,698,2019-04-24,13566795
2019-05-22,20199448,어린 의뢰인,2838,654,2019-05-22,38338
2019-05-22,20187981,배심원들,1106,460,2019-05-15,237734
2019-05-22,20185784,나의 특별한 형제,583,287,2019-05-01,1450126
2019-05-22,20198598,명탐정 피카츄,512,266,2019-05-09,653665
2019-05-22,20198597,교회오빠,199,152,2019-05-16,33304
2019-05-22,20190725,물의 기억,100,49,2019-05-15,11812
2019-05-22,20183867,알라딘,5,5,2019-05-23,2318
2019-05-23,20188941,악인전,4690,997,2019-05-15,2029186
2019-05-23,20183867,알라딘,4265,1008,2019-05-23,75054
2019-05-23,20184082,걸캅스,1745,599,2019-05-09,1373038
2019-05-23,20184889,어벤져스: 엔드게임,1103,519,2019-04-24,13589220
2019-05-23,20199822,더 보이,1712,475,2019-05-23,18029
2019-05-23,20199448,어린 의뢰인,2459,671,2019-05-22,54681
2019-05-23,20187981,배심원들,458,255,2019-05-15,242452
2019-05-23,20185784,나의 특별한 형제,148,109,2019-05-01,1453590
2019-05-23,20198597,교회오빠,89,62,2019-05-16,35806
2019-05-23,20198598,명탐정 피카츄,153,102,2019-05-09,655399
2019-05-24,20188941,악인전,5030,1076,2019-05-15,2183047
2019-05-24,20183867,알라딘,4420,1061,2019-05-23,185003
2019-05-24,20184082,걸캅스,1816,637,2019-05-09,1408540
2019-05-24,20184889,어벤져스: 엔드게임,1185,543,2019-04-24,13620516
2019-05-24,20199448,어린 의뢰인,2356,669,2019-05-22,76719
2019-05-24,20199822,더 보이,1609,509,2019-05-23,33581
2019-05-24,20187981,배심원들,476,268,2019-05-15,249294
2019-05-24,20185784,나의 특별한 형제,164,113,2019-05-01,1457232
2019-05-24,20198598,명탐정 피카츄,170,113,2019-05-09,658147
2019-05-24,20198597,교회오빠,97,70,2019-05-16,38402
2019-05-25,20183867,알라딘,5311,1261,2019-05-23,515022
2019-05-25,20188941,악인전,5561,1132,2019-05-15,2489606
2019-05-25,20184889,어벤져스: 엔드게임,1328,615,2019-04-24,13690026
2019-05-25,20184082,걸캅스,1755,622,2019-05-09,1477624
2019-05-25,20199448,어린 의뢰인,1968,634,2019-05-22,114122
2019-05-25,20199822,더 보이,1303,500,2019-05-23,54091
2019-05-25,20198598,명탐정 피카츄,293,191,2019-05-09,669144
2019-05-25,20187981,배심원들,417,257,2019-05-15,259696
2019-05-25,20190261,언더 더 씨2,314,268,2019-05-23,6247
2019-05-25,20198597,교회오빠,106,76,2019-05-16,42656
2019-05-26,20183867,알라딘,5390,1311,2019-05-23,874017
2019-05-26,20188941,악인전,5438,1125,2019-05-15,2761916
2019-05-26,20184082,걸캅스,1695,632,2019-05-09,1538165
2019-05-26,20184889,어벤져스: 엔드게임,1278,604,2019-04-24,13749016
2019-05-26,20199448,어린 의뢰인,1832,638,2019-05-22,150068
2019-05-26,20199822,더 보이,1184,488,2019-05-23,71610
2019-05-26,20198598,명탐정 피카츄,305,210,2019-05-09,680420
2019-05-26,20187981,배심원들,411,264,2019-05-15,270270
2019-05-26,20199954,해피타임 스파이,95,52,2019-05-23,8491
2019-05-26,20198597,교회오빠,109,82,2019-05-16,47936
2019-05-27,20183867,알라딘,4663,1090,2019-05-23,983675
2019-05-27,20188941,악인전,5252,1066,2019-05-15,2871208
2019-05-27,20184889,어벤져스: 엔드게임,1227,553,2019-04-24,13770959
2019-05-27,20184082,걸캅스,1785,619,2019-05-09,1559495
2019-05-27,20199448,어린 의뢰인,1805,573,2019-05-22,162950
2019-05-27,20199822,더 보이,1134,459,2019-05-23,78229
2019-05-27,20187981,배심원들,420,250,2019-05-15,273667
2019-05-27,20198597,교회오빠,135,82,2019-05-16,50694
2019-05-27,20198598,명탐정 피카츄,142,98,2019-05-09,681635
2019-05-27,20191141,시민 노무현,216,161,2019-05-23,9616
2019-05-28,20183867,알라딘,4677,1121,2019-05-23,1092014
2019-05-28,20188941,악인전,5176,1073,2019-05-15,2950737
2019-05-28,20184889,어벤져스: 엔드게임,1205,557,2019-04-24,13789849
2019-05-28,20184082,걸캅스,1733,623,2019-05-09,1577395
2019-05-28,20199448,어린 의뢰인,1761,597,2019-05-22,175164
2019-05-28,20199822,더 보이,1074,463,2019-05-23,83850
2019-05-28,20183782,기생충,16,9,2019-05-30,4264
2019-05-28,20187981,배심원들,414,250,2019-05-15,276988
2019-05-28,20198597,교회오빠,143,89,2019-05-16,53642
2019-05-28,20190273,천로역정: 천국을 찾아서,15,15,2019-06-13,5844
2019-05-29,20183867,알라딘,4460,1146,2019-05-23,1338006
2019-05-29,20188941,악인전,4671,995,2019-05-15,3084044
2019-05-29,20184865,고질라: 킹 오브 몬스터,3828,923,2019-05-29,92635
2019-05-29,20188144,0.0MHz,1043,446,2019-05-29,33454
2019-05-29,20184082,걸캅스,1185,479,2019-05-09,1603818
2019-05-29,20184889,어벤져스: 엔드게임,525,309,2019-04-24,13805218
2019-05-29,20199448,어린 의뢰인,762,358,2019-05-22,185553
2019-05-29,20183782,기생충,25,25,2019-05-30,9862
2019-05-29,20199822,더 보이,367,239,2019-05-23,86982
2019-05-29,20187981,배심원들,94,84,2019-05-15,279660
2019-05-30,20183782,기생충,8262,1783,2019-05-30,577954
2019-05-30,20183867,알라딘,2493,754,2019-05-23,1412968
2019-05-30,20188941,악인전,2272,667,2019-05-15,3121441
2019-05-30,20184865,고질라: 킹 오브 몬스터,2249,656,2019-05-29,120117
2019-05-30,20188144,0.0MHz,723,375,2019-05-29,44423
2019-05-30,20184889,어벤져스: 엔드게임,231,175,2019-04-24,13810670
2019-05-30,20184082,걸캅스,319,213,2019-05-09,1606737
2019-05-30,20198597,교회오빠,95,77,2019-05-16,57883
2019-05-30,20185784,나의 특별한 형제,23,18,2019-05-01,1468565
2019-05-30,20191844,킹 오브 프리즘 –샤이니 세븐 스타즈- IV 루이x신x언노운,44,30,2019-05-30,1629
2019-05-31,20183782,기생충,8806,1826,2019-05-30,1245780
2019-05-31,20183867,알라딘,2724,791,2019-05-23,1536234
2019-05-31,20188941,악인전,2156,620,2019-05-15,3168028
2019-05-31,20184865,고질라: 킹 오브 몬스터,2057,620,2019-05-29,157836
2019-05-31,20188144,0.0MHz,735,397,2019-05-29,59344
2019-05-31,20184889,어벤져스: 엔드게임,231,173,2019-04-24,13818866
2019-05-31,20184082,걸캅스,315,213,2019-05-09,1610582
2019-05-31,20198597,교회오빠,95,72,2019-05-16,59586
2019-05-31,20199448,어린 의뢰인,244,172,2019-05-22,188548
2019-05-31,20198453,롱 리브 더 킹: 목포 영웅,8,5,2019-06-19,1666
2019-06-01,20183782,기생충,9907,1927,2019-05-30,2372457
2019-06-01,20183867,알라딘,3451,965,2019-05-23,1842260
2019-06-01,20184865,고질라: 킹 오브 몬스터,1615,610,2019-05-29,236121
2019-06-01,20188941,악인전,1628,569,2019-05-15,3230914
2019-06-01,20188144,0.0MHz,673,409,2019-05-29,85289
2019-06-01,20184889,어벤져스: 엔드게임,207,158,2019-04-24,13831937
2019-06-01,20192001,피터팬: 후크 선장과 결투의 날,157,129,2019-05-30,5094
2019-06-01,20184082,걸캅스,215,164,2019-05-09,1614840
2019-06-01,20199448,어린 의뢰인,189,144,2019-05-22,191273
2019-06-01,20198597,교회오빠,86,65,2019-05-16,61958
2019-06-02,20183782,기생충,9820,1948,2019-05-30,3367064
2019-06-02,20183867,알라딘,3499,994,2019-05-23,2149999
2019-06-02,20184865,고질라: 킹 오브 몬스터,1474,605,2019-05-29,301152
2019-06-02,20188941,악인전,1477,567,2019-05-15,3280862
2019-06-02,20188144,0.0MHz,634,401,2019-05-29,107081
2019-06-02,20184889,어벤져스: 엔드게임,208,155,2019-04-24,13843909
2019-06-02,20192001,피터팬: 후크 선장과 결투의 날,153,126,2019-05-30,9582
2019-06-02,20184082,걸캅스,206,158,2019-05-09,1618601
2019-06-02,20198597,교회오빠,93,77,2019-05-16,65399
2019-06-02,20199448,어린 의뢰인,179,142,2019-05-22,193949
2019-06-03,20183782,기생충,9196,1804,2019-05-30,3749561
2019-06-03,20183867,알라딘,3038,796,2019-05-23,2231612
2019-06-03,20188941,악인전,1605,574,2019-05-15,3300310
2019-06-03,20184865,고질라: 킹 오브 몬스터,1483,554,2019-05-29,315086
2019-06-03,20188144,0.0MHz,619,367,2019-05-29,113968
2019-06-03,20184889,어벤져스: 엔드게임,237,168,2019-04-24,13848976
2019-06-03,20184082,걸캅스,228,169,2019-05-09,1620355
2019-06-03,20198597,교회오빠,106,79,2019-05-16,66981
2019-06-03,20198291,로켓맨,5,4,2019-06-05,1549
2019-06-03,20199448,어린 의뢰인,170,131,2019-05-22,194642
2019-06-04,20183782,기생충,9193,1814,2019-05-30,4098284
2019-06-04,20183867,알라딘,3063,818,2019-05-23,2316410
2019-06-04,20188941,악인전,1594,580,2019-05-15,3317963
2019-06-04,20184865,고질라: 킹 오브 몬스터,1414,542,2019-05-29,328023
2019-06-04,20188144,0.0MHz,604,370,2019-05-29,121055
2019-06-04,20184889,어벤져스: 엔드게임,238,172,2019-04-24,13854068
2019-06-04,20198453,롱 리브 더 킹: 목포 영웅,11,8,2019-06-19,4171
2019-06-04,20190273,천로역정: 천국을 찾아서,9,9,2019-06-13,11218
2019-06-04,20198597,교회오빠,111,82,2019-05-16,68791
2019-06-04,20184082,걸캅스,221,164,2019-05-09,1621842
2019-06-05,20183782,기생충,8068,1700,2019-05-30,4524029
2019-06-05,20182387,엑스맨: 다크 피닉스,3504,991,2019-06-05,122892
2019-06-05,20183867,알라딘,2770,937,2019-05-23,2429575
2019-06-05,20198291,로켓맨,1752,640,2019-06-05,13716
2019-06-05,20188941,악인전,598,338,2019-05-15,3325844
2019-06-05,20184865,고질라: 킹 오브 몬스터,424,276,2019-05-29,332734
2019-06-05,20184889,어벤져스: 엔드게임,98,74,2019-04-24,13856956
2019-06-05,20198453,롱 리브 더 킹: 목포 영웅,12,12,2019-06-19,6948
2019-06-05,20188144,0.0MHz,153,110,2019-05-29,123445
2019-06-05,20185784,나의 특별한 형제,13,13,2019-05-01,1472139
2019-06-06,20183782,기생충,7975,1574,2019-05-30,5355675
2019-06-06,20183867,알라딘,3738,1120,2019-05-23,2803134
2019-06-06,20182387,엑스맨: 다크 피닉스,4165,929,2019-06-05,369198
2019-06-06,19880001,이웃집 토토로,595,397,2001-07-28,38119
2019-06-06,20198291,로켓맨,1252,555,2019-06-05,33088
2019-06-06,20199063,빅샤크2: 해저2만리,420,344,2019-06-06,20201
2019-06-06,20184865,고질라: 킹 오브 몬스터,159,131,2019-05-29,339162
2019-06-06,20188941,악인전,172,118,2019-05-15,3331992
2019-06-06,20184889,어벤져스: 엔드게임,70,53,2019-04-24,13862203
2019-06-06,20191342,폴라로이드,212,141,2019-06-06,3481
2019-06-07,20183782,기생충,7877,1561,2019-05-30,5875395
2019-06-07,20183867,알라딘,4132,1151,2019-05-23,3088079
2019-06-07,20182387,엑스맨: 다크 피닉스,3742,869,2019-06-05,487055
2019-06-07,19880001,이웃집 토토로,609,411,2001-07-28,55389
2019-06-07,20198291,로켓맨,1166,534,2019-06-05,44420
2019-06-07,20199063,빅샤크2: 해저2만리,342,312,2019-06-06,28357
2019-06-07,20188941,악인전,184,128,2019-05-15,3336553
2019-06-07,20184865,고질라: 킹 오브 몬스터,176,142,2019-05-29,343720
2019-06-07,20184889,어벤져스: 엔드게임,74,52,2019-04-24,13866340
2019-06-07,20188144,0.0MHz,107,72,2019-05-29,128623
2019-06-08,20183782,기생충,7958,1579,2019-05-30,6512986
2019-06-08,20183867,알라딘,5241,1356,2019-05-23,3503389
2019-06-08,20182387,엑스맨: 다크 피닉스,3132,807,2019-06-05,626986
2019-06-08,19880001,이웃집 토토로,690,430,2001-07-28,77496
2019-06-08,20198291,로켓맨,979,505,2019-06-05,58737
2019-06-08,20199063,빅샤크2: 해저2만리,376,330,2019-06-06,36482
2019-06-08,20188941,악인전,157,110,2019-05-15,3342098
2019-06-08,20184865,고질라: 킹 오브 몬스터,168,128,2019-05-29,348899
2019-06-08,20184889,어벤져스: 엔드게임,80,59,2019-04-24,13871319
2019-06-08,20188144,0.0MHz,104,67,2019-05-29,131430
2019-06-09,20183782,기생충,7736,1577,2019-05-30,7022120
2019-06-09,20183867,알라딘,5263,1371,2019-05-23,3899540
2019-06-09,20182387,엑스맨: 다크 피닉스,2930,786,2019-06-05,737179
2019-06-09,19880001,이웃집 토토로,684,435,2001-07-28,101213
2019-06-09,20198291,로켓맨,892,480,2019-06-05,72451
2019-06-09,20199063,빅샤크2: 해저2만리,360,320,2019-06-06,44189
2019-06-09,20188941,악인전,158,115,2019-05-15,3346654
2019-06-09,20184889,어벤져스: 엔드게임,79,57,2019-04-24,13875330
2019-06-09,20184865,고질라: 킹 오브 몬스터,160,128,2019-05-29,352862
2019-06-09,20188144,0.0MHz,98,60,2019-05-29,133522
2019-06-10,20183782,기생충,7287,1460,2019-05-30,7216782
2019-06-10,20183867,알라딘,4366,1068,2019-05-23,4008942
2019-06-10,20182387,엑스맨: 다크 피닉스,2764,704,2019-06-05,768335
2019-06-10,20198291,로켓맨,1064,472,2019-06-05,80324
2019-06-10,19880001,이웃집 토토로,545,342,2001-07-28,105879
2019-06-10,20188941,악인전,216,130,2019-05-15,3349268
2019-06-10,20184889,어벤져스: 엔드게임,93,69,2019-04-24,13877262
2019-06-10,20198453,롱 리브 더 킹: 목포 영웅,7,7,2019-06-19,8011
2019-06-10,20184865,고질라: 킹 오브 몬스터,159,120,2019-05-29,353890
2019-06-10,20183454,요로나의 저주,4,4,2019-04-17,202756
2019-06-11,20183782,기생충,7251,1460,2019-05-30,7374556
2019-06-11,20183867,알라딘,4422,1092,2019-05-23,4113370
2019-06-11,20182387,엑스맨: 다크 피닉스,2674,700,2019-06-05,793302
2019-06-11,20198291,로켓맨,1039,472,2019-06-05,88505
2019-06-11,19880001,이웃집 토토로,533,340,2001-07-28,110845
2019-06-11,20196657,맨 인 블랙: 인터내셔널,8,8,2019-06-12,3140
2019-06-11,20188941,악인전,215,128,2019-05-15,3351453
2019-06-11,20184889,어벤져스: 엔드게임,90,66,2019-04-24,13878869
2019-06-11,20198453,롱 리브 더 킹: 목포 영웅,6,6,2019-06-19,9389
2019-06-11,20199063,빅샤크2: 해저2만리,148,145,2019-06-06,46183
2019-06-12,20183782,기생충,5604,1217,2019-05-30,7520772
2019-06-12,20196657,맨 인 블랙: 인터내셔널,5626,1151,2019-06-12,118343
2019-06-12,20183867,알라딘,3849,973,2019-05-23,4215806
2019-06-12,20182387,엑스맨: 다크 피닉스,1235,487,2019-06-05,804755
2019-06-12,19880001,이웃집 토토로,365,260,2001-07-28,114274
2019-06-12,20198291,로켓맨,284,176,2019-06-05,90913
2019-06-12,20198453,롱 리브 더 킹: 목포 영웅,10,10,2019-06-19,11389
2019-06-12,20184889,어벤져스: 엔드게임,80,53,2019-04-24,13880037
2019-06-12,20198597,교회오빠,57,39,2019-05-16,79000
2019-06-12,20188941,악인전,114,70,2019-05-15,3352511
2019-06-13,20183782,기생충,5211,1170,2019-05-30,7656967
2019-06-13,20183867,알라딘,3701,947,2019-05-23,4319424
2019-06-13,20196657,맨 인 블랙: 인터내셔널,5080,1081,2019-06-12,196299
2019-06-13,20190273,천로역정: 천국을 찾아서,446,322,2019-06-13,21176
2019-06-13,20182387,엑스맨: 다크 피닉스,937,435,2019-06-05,812588
2019-06-13,20191401,업사이드,661,174,2019-06-13,10706
2019-06-13,20190466,세상을 바꾼 변호인,355,179,2019-06-13,5956
2019-06-13,19880001,이웃집 토토로,247,191,2001-07-28,116824
2019-06-13,20198453,롱 리브 더 킹: 목포 영웅,9,9,2019-06-19,13939
2019-06-13,20198291,로켓맨,212,146,2019-06-05,92566
2019-06-14,20183782,기생충,5396,1194,2019-05-30,7825159
2019-06-14,20183867,알라딘,4286,1075,2019-05-23,4484498
2019-06-14,20196657,맨 인 블랙: 인터내셔널,4847,1055,2019-06-12,297971
2019-06-14,20182387,엑스맨: 다크 피닉스,872,443,2019-06-05,821453
2019-06-14,20190273,천로역정: 천국을 찾아서,458,319,2019-06-13,28206
2019-06-14,20191401,업사이드,607,178,2019-06-13,16163
2019-06-14,19880001,이웃집 토토로,262,203,2001-07-28,120091
2019-06-14,20190466,세상을 바꾼 변호인,345,185,2019-06-13,9095
2019-06-14,20198291,로켓맨,228,150,2019-06-05,94314
2019-06-14,20184889,어벤져스: 엔드게임,81,55,2019-04-24,13882843
2019-06-15,20183867,알라딘,5635,1384,2019-05-23,4912441
2019-06-15,20183782,기생충,5408,1206,2019-05-30,8104195
2019-06-15,20196657,맨 인 블랙: 인터내셔널,4283,1008,2019-06-12,486645
2019-06-15,20190273,천로역정: 천국을 찾아서,593,368,2019-06-13,52267
2019-06-15,20182387,엑스맨: 다크 피닉스,694,420,2019-06-05,833917
2019-06-15,19880001,이웃집 토토로,381,285,2001-07-28,131183
2019-06-15,20191401,업사이드,464,188,2019-06-13,23404
2019-06-15,20190466,세상을 바꾼 변호인,283,166,2019-06-13,13238
2019-06-15,20190793,엘리펀트킹 덤보,241,224,2019-06-13,4211
2019-06-15,20184889,어벤져스: 엔드게임,78,54,2019-04-24,13885513
2019-06-16,20183867,알라딘,5737,1409,2019-05-23,5325767
2019-06-16,20183782,기생충,5297,1194,2019-05-30,8345803
2019-06-16,20196657,맨 인 블랙: 인터내셔널,4101,969,2019-06-12,637801
2019-06-16,20190273,천로역정: 천국을 찾아서,583,381,2019-06-13,77793
2019-06-16,20182387,엑스맨: 다크 피닉스,683,409,2019-06-05,845123
2019-06-16,19880001,이웃집 토토로,401,295,2001-07-28,142372
2019-06-16,20191401,업사이드,444,182,2019-06-13,30244
2019-06-16,20190466,세상을 바꾼 변호인,277,168,2019-06-13,17105
2019-06-16,20190793,엘리펀트킹 덤보,240,226,2019-06-13,6537
2019-06-16,20184889,어벤져스: 엔드게임,76,55,2019-04-24,13887813
2019-06-17,20183867,알라딘,4908,1168,2019-05-23,5457006
2019-06-17,20183782,기생충,5240,1135,2019-05-30,8451009
2019-06-17,20196657,맨 인 블랙: 인터내셔널,3887,894,2019-06-12,680445
2019-06-17,20190273,천로역정: 천국을 찾아서,489,314,2019-06-13,85410
2019-06-17,20182387,엑스맨: 다크 피닉스,748,404,2019-06-05,850375
2019-06-17,20191401,업사이드,499,180,2019-06-13,33833
2019-06-17,20190466,세상을 바꾼 변호인,311,170,2019-06-13,19997
2019-06-17,19880001,이웃집 토토로,265,197,2001-07-28,144488
2019-06-17,20184889,어벤져스: 엔드게임,76,53,2019-04-24,13889088
2019-06-17,20198291,로켓맨,189,138,2019-06-05,99829
2019-06-18,20183867,알라딘,4968,1198,2019-05-23,5589546
2019-06-18,20183782,기생충,5214,1157,2019-05-30,8551709
2019-06-18,20196657,맨 인 블랙: 인터내셔널,3745,921,2019-06-12,719968
2019-06-18,20190273,천로역정: 천국을 찾아서,497,326,2019-06-13,94230
2019-06-18,20182387,엑스맨: 다크 피닉스,723,407,2019-06-05,855419
2019-06-18,20191401,업사이드,484,179,2019-06-13,37467
2019-06-18,20182585,비스트,14,14,2019-06-26,3445
2019-06-18,20190466,세상을 바꾼 변호인,309,167,2019-06-13,22749
2019-06-18,19880001,이웃집 토토로,280,210,2001-07-28,146961
2019-06-18,20184889,어벤져스: 엔드게임,79,54,2019-04-24,13890410
2019-06-19,20183867,알라딘,4438,1028,2019-05-23,5726243
2019-06-19,20198453,롱 리브 더 킹: 목포 영웅,4808,965,2019-06-19,134610
2019-06-19,20183782,기생충,4159,969,2019-05-30,8643878
2019-06-19,20196657,맨 인 블랙: 인터내셔널,2371,671,2019-06-12,746052
2019-06-19,20190273,천로역정: 천국을 찾아서,354,262,2019-06-13,100247
2019-06-19,20190466,세상을 바꾼 변호인,197,123,2019-06-13,24912
2019-06-19,20182387,엑스맨: 다크 피닉스,246,157,2019-06-05,857562
2019-06-19,19880001,이웃집 토토로,197,146,2001-07-28,149037
2019-06-19,20191401,업사이드,252,137,2019-06-13,39503
2019-06-19,20196655,존 윅 3: 파라벨룸,9,9,2019-06-26,3769
2019-06-20,20184047,토이 스토리 4,4865,1063,2019-06-20,142561
2019-06-20,20183867,알라딘,3204,875,2019-05-23,5848266
2019-06-20,20198453,롱 리브 더 킹: 목포 영웅,3951,890,2019-06-19,224776
2019-06-20,20183782,기생충,2780,747,2019-05-30,8723188
2019-06-20,20196657,맨 인 블랙: 인터내셔널,1277,500,2019-06-12,761169
2019-06-20,20190885,사탄의 인형,1119,465,2019-06-20,13453
2019-06-20,20190273,천로역정: 천국을 찾아서,164,124,2019-06-13,104593
2019-06-20,20190002,롱 샷,17,17,2019-07-24,3395
2019-06-20,20192022,마담 싸이코,14,14,2019-06-26,3837
2019-06-20,20198526,쓰리 세컨즈,398,182,2019-06-20,2850
2019-06-21,20183867,알라딘,3626,977,2019-05-23,6021156
2019-06-21,20184047,토이 스토리 4,5155,1124,2019-06-20,303389
2019-06-21,20198453,롱 리브 더 킹: 목포 영웅,3818,884,2019-06-19,326234
2019-06-21,20183782,기생충,2872,783,2019-05-30,8817208
2019-06-21,20196657,맨 인 블랙: 인터내셔널,1168,497,2019-06-12,777978
2019-06-21,20190885,사탄의 인형,1011,452,2019-06-20,24815
2019-06-21,20190273,천로역정: 천국을 찾아서,180,136,2019-06-13,110099
2019-06-21,20191781,북클럽,111,68,2019-06-20,3876
2019-06-21,20190466,세상을 바꾼 변호인,74,38,2019-06-13,27267
2019-06-21,20198526,쓰리 세컨즈,357,169,2019-06-20,3986
2019-06-22,20184047,토이 스토리 4,6161,1334,2019-06-20,719306
2019-06-22,20183867,알라딘,4515,1174,2019-05-23,6423082
2019-06-22,20198453,롱 리브 더 킹: 목포 영웅,3378,857,2019-06-19,508215
2019-06-22,20183782,기생충,2451,751,2019-05-30,8963070
2019-06-22,20196655,존 윅 3: 파라벨룸,645,361,2019-06-26,39782
2019-06-22,20196657,맨 인 블랙: 인터내셔널,764,417,2019-06-12,799677
2019-06-22,20190273,천로역정: 천국을 찾아서,262,210,2019-06-13,126002
2019-06-22,20190885,사탄의 인형,743,430,2019-06-20,37438
2019-06-22,20190466,세상을 바꾼 변호인,74,39,2019-06-13,29481
2019-06-22,19880001,이웃집 토토로,84,59,2001-07-28,153147
2019-06-23,20184047,토이 스토리 4,6054,1336,2019-06-20,1115831
2019-06-23,20183867,알라딘,4577,1226,2019-05-23,6799704
2019-06-23,20198453,롱 리브 더 킹: 목포 영웅,3231,868,2019-06-19,680862
2019-06-23,20183782,기생충,2385,769,2019-05-30,9096334
2019-06-23,20196655,존 윅 3: 파라벨룸,635,357,2019-06-26,73138
2019-06-23,20190273,천로역정: 천국을 찾아서,282,235,2019-06-13,146086
2019-06-23,20196657,맨 인 블랙: 인터내셔널,686,381,2019-06-12,816440
2019-06-23,20190885,사탄의 인형,692,414,2019-06-20,46546
2019-06-23,19880001,이웃집 토토로,88,63,2001-07-28,155441
2019-06-23,20190466,세상을 바꾼 변호인,74,39,2019-06-13,31379
2019-06-24,20183867,알라딘,4203,1036,2019-05-23,6927697
2019-06-24,20184047,토이 스토리 4,5004,1062,2019-06-20,1218389
2019-06-24,20183782,기생충,2682,710,2019-05-30,9166783
2019-06-24,20198453,롱 리브 더 킹: 목포 영웅,3550,823,2019-06-19,746856
2019-06-24,20196657,맨 인 블랙: 인터내셔널,822,417,2019-06-12,823306
2019-06-24,20190885,사탄의 인형,721,389,2019-06-20,52059
2019-06-24,20190273,천로역정: 천국을 찾아서,197,142,2019-06-13,150474
2019-06-24,20184889,어벤져스: 엔드게임,81,47,2019-04-24,13898805
2019-06-24,20191781,북클럽,109,68,2019-06-20,8631
2019-06-24,20190466,세상을 바꾼 변호인,77,38,2019-06-13,32544
2019-06-25,20183867,알라딘,4251,1043,2019-05-23,7048012
2019-06-25,20184047,토이 스토리 4,4934,1084,2019-06-20,1307823
2019-06-25,20183782,기생충,2691,733,2019-05-30,9232508
2019-06-25,20198453,롱 리브 더 킹: 목포 영웅,3567,862,2019-06-19,804707
2019-06-25,20196657,맨 인 블랙: 인터내셔널,804,410,2019-06-12,829688
2019-06-25,20190273,천로역정: 천국을 찾아서,211,153,2019-06-13,155781
2019-06-25,20190885,사탄의 인형,688,374,2019-06-20,57218
2019-06-25,20184889,어벤져스: 엔드게임,78,46,2019-04-24,13901413
2019-06-25,20190002,롱 샷,7,7,2019-07-24,4788
2019-06-25,20191781,북클럽,100,65,2019-06-20,9942
2019-06-26,20183867,알라딘,3385,939,2019-05-23,7248794
2019-06-26,20184047,토이 스토리 4,3354,894,2019-06-20,1471509
2019-06-26,20196655,존 윅 3: 파라벨룸,2463,743,2019-06-26,206271
2019-06-26,20199951,애나벨 집으로,1966,653,2019-06-26,78559
2019-06-26,20183782,기생충,1441,604,2019-05-30,9303870
2019-06-26,20182585,비스트,2455,737,2019-06-26,62757
2019-06-26,20198453,롱 리브 더 킹: 목포 영웅,1708,627,2019-06-19,856681
2019-06-26,20192022,마담 싸이코,644,197,2019-06-26,13462
2019-06-26,20190273,천로역정: 천국을 찾아서,131,112,2019-06-13,160514
2019-06-26,20196657,맨 인 블랙: 인터내셔널,106,96,2019-06-12,834147
2019-06-27,20183867,알라딘,3477,890,2019-05-23,7362405
2019-06-27,20196655,존 윅 3: 파라벨룸,2630,744,2019-06-26,285415
2019-06-27,20184047,토이 스토리 4,3267,836,2019-06-20,1548144
2019-06-27,20183782,기생충,1510,569,2019-05-30,9350367
2019-06-27,20199951,애나벨 집으로,1956,640,2019-06-26,117227
2019-06-27,20198453,롱 리브 더 킹: 목포 영웅,1689,597,2019-06-19,886869
2019-06-27,20182585,비스트,2372,703,2019-06-26,90488
2019-06-27,20192022,마담 싸이코,621,184,2019-06-26,18579
2019-06-27,20190273,천로역정: 천국을 찾아서,144,112,2019-06-13,164852
2019-06-27,20070602,마녀배달부 키키,208,169,2007-11-22,33384
2019-06-28,20183867,알라딘,3827,970,2019-05-23,7513910
2019-06-28,20184047,토이 스토리 4,3413,863,2019-06-20,1647189
2019-06-28,20196655,존 윅 3: 파라벨룸,2858,794,2019-06-26,374866
2019-06-28,20183782,기생충,1658,614,2019-05-30,9400710
2019-06-28,20199951,애나벨 집으로,1889,617,2019-06-26,163673
2019-06-28,20198453,롱 리브 더 킹: 목포 영웅,1620,595,2019-06-19,917122
2019-06-28,20182585,비스트,2001,624,2019-06-26,114862
2019-06-28,20192022,마담 싸이코,562,189,2019-06-26,23901
2019-06-28,20190273,천로역정: 천국을 찾아서,147,118,2019-06-13,169546
2019-06-28,20184889,어벤져스: 엔드게임,56,32,2019-04-24,13908898
2019-06-29,20183867,알라딘,4702,1172,2019-05-23,7912038
2019-06-29,20184047,토이 스토리 4,4433,1115,2019-06-20,1966272
2019-06-29,20196655,존 윅 3: 파라벨룸,2998,849,2019-06-26,540692
2019-06-29,20183782,기생충,1587,642,2019-05-30,9491501
2019-06-29,20199951,애나벨 집으로,1678,644,2019-06-26,235998
2019-06-29,20198453,롱 리브 더 킹: 목포 영웅,1381,592,2019-06-19,974121
2019-06-29,20182585,비스트,1416,582,2019-06-26,149378
2019-06-29,20190273,천로역정: 천국을 찾아서,200,162,2019-06-13,183020
2019-06-29,20192022,마담 싸이코,438,188,2019-06-26,31146
2019-06-29,20196657,맨 인 블랙: 인터내셔널,110,95,2019-06-12,841282
2019-06-30,20183867,알라딘,4677,1199,2019-05-23,8271797
2019-06-30,20184047,토이 스토리 4,4398,1129,2019-06-20,2251096
2019-06-30,20196655,존 윅 3: 파라벨룸,2918,833,2019-06-26,676161
2019-06-30,20183782,기생충,1598,650,2019-05-30,9577983
2019-06-30,20199951,애나벨 집으로,1603,636,2019-06-26,291328
2019-06-30,20198453,롱 리브 더 킹: 목포 영웅,1328,571,2019-06-19,1024458
2019-06-30,20182585,비스트,1318,565,2019-06-26,177340
2019-06-30,20190273,천로역정: 천국을 찾아서,222,188,2019-06-13,199791
2019-06-30,20192022,마담 싸이코,423,189,2019-06-26,37437
2019-06-30,20070602,마녀배달부 키키,217,180,2007-11-22,44962
2019-07-01,20183867,알라딘,3961,1030,2019-05-23,8383471
2019-07-01,20184047,토이 스토리 4,3386,873,2019-06-20,2314849
2019-07-01,20196655,존 윅 3: 파라벨룸,2869,761,2019-06-26,728272
2019-07-01,20196309,스파이더맨: 파 프롬 홈,724,712,2019-07-02,52568
2019-07-01,20183782,기생충,1774,625,2019-05-30,9618495
2019-07-01,20199951,애나벨 집으로,1580,577,2019-06-26,314966
2019-07-01,20198453,롱 리브 더 킹: 목포 영웅,1486,534,2019-06-19,1046596
2019-07-01,20182585,비스트,1449,539,2019-06-26,189904
2019-07-01,20192022,마담 싸이코,428,180,2019-06-26,40579
2019-07-01,20190273,천로역정: 천국을 찾아서,133,104,2019-06-13,202608
2019-07-02,20196309,스파이더맨: 파 프롬 홈,10320,1944,2019-07-02,726991
2019-07-02,20183867,알라딘,2263,651,2019-05-23,8455881
2019-07-02,20184047,토이 스토리 4,1673,638,2019-06-20,2350610
2019-07-02,20183782,기생충,912,446,2019-05-30,9641533
2019-07-02,20196655,존 윅 3: 파라벨룸,1309,553,2019-06-26,750075
2019-07-02,20199951,애나벨 집으로,528,370,2019-06-26,324987
2019-07-02,20198453,롱 리브 더 킹: 목포 영웅,445,263,2019-06-19,1051947
2019-07-02,20182585,비스트,375,306,2019-06-26,193241
2019-07-02,20190273,천로역정: 천국을 찾아서,81,65,2019-06-13,204621
2019-07-02,20070602,마녀배달부 키키,124,86,2007-11-22,48484
2019-07-03,20196309,스파이더맨: 파 프롬 홈,10355,1949,2019-07-02,1236024
2019-07-03,20183867,알라딘,2450,691,2019-05-23,8535623
2019-07-03,20184047,토이 스토리 4,1782,707,2019-06-20,2394219
2019-07-03,20183782,기생충,972,464,2019-05-30,9663827
2019-07-03,20196655,존 윅 3: 파라벨룸,1261,517,2019-06-26,770203
2019-07-03,20199951,애나벨 집으로,396,253,2019-06-26,335324
2019-07-03,20198453,롱 리브 더 킹: 목포 영웅,376,226,2019-06-19,1057059
2019-07-03,20192591,BIFAN2019 판타스틱 단편 걸작선 1,14,5, ,15500
2019-07-03,20190273,천로역정: 천국을 찾아서,84,66,2019-06-13,207230
2019-07-03,20182585,비스트,161,125,2019-06-26,194522
2019-07-04,20196309,스파이더맨: 파 프롬 홈,10428,2007,2019-07-02,1663825
2019-07-04,20183867,알라딘,2421,694,2019-05-23,8618750
2019-07-04,20184047,토이 스토리 4,1681,663,2019-06-20,2436825
2019-07-04,20183782,기생충,962,464,2019-05-30,9685905
2019-07-04,20196655,존 윅 3: 파라벨룸,1159,518,2019-06-26,788036
2019-07-04,20199951,애나벨 집으로,369,249,2019-06-26,345308
2019-07-04,20198453,롱 리브 더 킹: 목포 영웅,345,202,2019-06-19,1061536
2019-07-04,20190002,롱 샷,10,10,2019-07-24,9284
2019-07-04,20192591,BIFAN2019 판타스틱 단편 걸작선 1,12,5, ,17900
2019-07-04,20196657,맨 인 블랙: 인터내셔널,66,62,2019-06-12,847087
2019-07-05,20196309,스파이더맨: 파 프롬 홈,10965,2080,2019-07-02,2300354
2019-07-05,20183867,알라딘,2522,715,2019-05-23,8742892
2019-07-05,20184047,토이 스토리 4,1701,706,2019-06-20,2498134
2019-07-05,20183782,기생충,945,471,2019-05-30,9710702
2019-07-05,20196655,존 윅 3: 파라벨룸,1054,517,2019-06-26,809013
2019-07-05,20199951,애나벨 집으로,374,254,2019-06-26,362764
2019-07-05,20198453,롱 리브 더 킹: 목포 영웅,312,185,2019-06-19,1065897
2019-07-05,20190273,천로역정: 천국을 찾아서,85,69,2019-06-13,212942
2019-07-05,20192591,BIFAN2019 판타스틱 단편 걸작선 1,14,5, ,20925
2019-07-05,20185241,칠드런 액트,82,56,2019-07-04,4568
2019-07-06,20196309,스파이더맨: 파 프롬 홈,11724,2142,2019-07-02,3528284
2019-07-06,20183867,알라딘,2855,806,2019-05-23,8990092
2019-07-06,20184047,토이 스토리 4,2076,800,2019-06-20,2642355
2019-07-06,20183782,기생충,762,410,2019-05-30,9745376
2019-07-06,20196655,존 윅 3: 파라벨룸,663,413,2019-06-26,834618
2019-07-06,20199951,애나벨 집으로,365,242,2019-06-26,382622
2019-07-06,20190273,천로역정: 천국을 찾아서,105,82,2019-06-13,219537
2019-07-06,20198453,롱 리브 더 킹: 목포 영웅,241,151,2019-06-19,1071848
2019-07-06,20192591,BIFAN2019 판타스틱 단편 걸작선 1,12,4, ,23125
2019-07-06,20192689,별의 정원,211,203,2019-07-04,5608
2019-07-07,20196309,스파이더맨: 파 프롬 홈,11343,2129,2019-07-02,4522056
2019-07-07,20183867,알라딘,2863,841,2019-05-23,9222666
2019-07-07,20184047,토이 스토리 4,2073,813,2019-06-20,2783964
2019-07-07,20183782,기생충,749,416,2019-05-30,9775783
2019-07-07,20196655,존 윅 3: 파라벨룸,634,406,2019-06-26,853985
2019-07-07,20199951,애나벨 집으로,386,240,2019-06-26,398494
2019-07-07,20190273,천로역정: 천국을 찾아서,133,115,2019-06-13,228366
2019-07-07,20198453,롱 리브 더 킹: 목포 영웅,217,145,2019-06-19,1076596
2019-07-07,20192689,별의 정원,217,210,2019-07-04,8125
2019-07-07,20192591,BIFAN2019 판타스틱 단편 걸작선 1,12,4, ,25000
2019-07-08,20196309,스파이더맨: 파 프롬 홈,9883,1890,2019-07-02,4764168
2019-07-08,20183867,알라딘,2686,728,2019-05-23,9300614
2019-07-08,20184047,토이 스토리 4,1751,688,2019-06-20,2815792
2019-07-08,20183782,기생충,1103,476,2019-05-30,9798724
2019-07-08,20196655,존 윅 3: 파라벨룸,1003,494,2019-06-26,868423
2019-07-08,20199951,애나벨 집으로,436,261,2019-06-26,407074
2019-07-08,20185353,기방도령,17,17,2019-07-10,7639
2019-07-08,20198453,롱 리브 더 킹: 목포 영웅,339,198,2019-06-19,1080472
2019-07-08,20190273,천로역정: 천국을 찾아서,85,67,2019-06-13,230160
2019-07-08,20185986,진범,7,7,2019-07-10,2440
2019-07-09,20196309,스파이더맨: 파 프롬 홈,9769,1901,2019-07-02,5011450
2019-07-09,20183867,알라딘,2741,770,2019-05-23,9386162
2019-07-09,20184047,토이 스토리 4,1761,691,2019-06-20,2852737
2019-07-09,20183782,기생충,1084,488,2019-05-30,9822011
2019-07-09,20196655,존 윅 3: 파라벨룸,993,495,2019-06-26,881616
2019-07-09,20185353,기방도령,98,97,2019-07-10,19264
2019-07-09,20199951,애나벨 집으로,443,262,2019-06-26,418102
2019-07-09,20198453,롱 리브 더 킹: 목포 영웅,323,197,2019-06-19,1084516
2019-07-09,20190273,천로역정: 천국을 찾아서,89,70,2019-06-13,232331
2019-07-09,20192151,미드소마,16,16,2019-07-11,2080
2019-07-10,20196309,스파이더맨: 파 프롬 홈,8498,1688,2019-07-02,5216320
2019-07-10,20183867,알라딘,2659,706,2019-05-23,9464311
2019-07-10,20185353,기방도령,2631,625,2019-07-10,66655
2019-07-10,20184047,토이 스토리 4,1417,621,2019-06-20,2883069
2019-07-10,20183782,기생충,798,383,2019-05-30,9840114
2019-07-10,20185986,진범,915,188,2019-07-10,17747
2019-07-10,20196655,존 윅 3: 파라벨룸,448,257,2019-06-26,888685
2019-07-10,20199951,애나벨 집으로,270,157,2019-06-26,424184
2019-07-10,20190273,천로역정: 천국을 찾아서,86,69,2019-06-13,235278
2019-07-10,20198323,레드슈즈,8,7,2019-07-25,2458
2019-07-11,20196309,스파이더맨: 파 프롬 홈,8083,1612,2019-07-02,5383152
2019-07-11,20183867,알라딘,2541,713,2019-05-23,9537720
2019-07-11,20185353,기방도령,2395,587,2019-07-10,101406
2019-07-11,20184047,토이 스토리 4,1230,613,2019-06-20,2908207
2019-07-11,20183782,기생충,640,357,2019-05-30,9857045
2019-07-11,20185986,진범,870,204,2019-07-10,32611
2019-07-11,20192151,미드소마,814,388,2019-07-11,13955
2019-07-11,20191601,극장판 엉덩이 탐정: 화려한 사건 수첩,479,333,2019-07-11,7301
2019-07-11,20196655,존 윅 3: 파라벨룸,269,183,2019-06-26,893392
2019-07-11,20199951,애나벨 집으로,220,136,2019-06-26,428248
2019-07-12,20196309,스파이더맨: 파 프롬 홈,8279,1648,2019-07-02,5614639
2019-07-12,20183867,알라딘,2827,797,2019-05-23,9638759
2019-07-12,20184047,토이 스토리 4,1299,625,2019-06-20,2940409
2019-07-12,20185353,기방도령,2217,592,2019-07-10,129872
2019-07-12,20183782,기생충,630,360,2019-05-30,9874204
2019-07-12,20185986,진범,875,216,2019-07-10,48747
2019-07-12,20192151,미드소마,759,375,2019-07-11,24261
2019-07-12,20199951,애나벨 집으로,263,154,2019-06-26,434752
2019-07-12,20190273,천로역정: 천국을 찾아서,109,90,2019-06-13,243167
2019-07-12,20196655,존 윅 3: 파라벨룸,280,187,2019-06-26,899112
2019-07-13,20196309,스파이더맨: 파 프롬 홈,8816,1709,2019-07-02,6203803
2019-07-13,20183867,알라딘,3386,940,2019-05-23,9902140
2019-07-13,20184047,토이 스토리 4,1772,762,2019-06-20,3045904
2019-07-13,20185353,기방도령,1790,603,2019-07-10,178502
2019-07-13,20191601,극장판 엉덩이 탐정: 화려한 사건 수첩,1058,559,2019-07-11,57399
2019-07-13,20185986,진범,783,217,2019-07-10,79257
2019-07-13,20183782,기생충,522,314,2019-05-30,9898506
2019-07-13,20199951,애나벨 집으로,273,150,2019-06-26,447576
2019-07-13,20192151,미드소마,576,337,2019-07-11,36493
2019-07-13,20196655,존 윅 3: 파라벨룸,205,143,2019-06-26,907081
2019-07-14,20196309,스파이더맨: 파 프롬 홈,8481,1681,2019-07-02,6685843
2019-07-14,20183867,알라딘,3425,976,2019-05-23,10161319
2019-07-14,20184047,토이 스토리 4,1795,784,2019-06-20,3151325
2019-07-14,20191601,극장판 엉덩이 탐정: 화려한 사건 수첩,1055,561,2019-07-11,101245
2019-07-14,20185353,기방도령,1696,588,2019-07-10,220182
2019-07-14,20185986,진범,780,224,2019-07-10,106756
2019-07-14,20183782,기생충,528,315,2019-05-30,9921312
2019-07-14,20199951,애나벨 집으로,277,149,2019-06-26,459037
2019-07-14,20192151,미드소마,532,329,2019-07-11,45707
2019-07-14,20190273,천로역정: 천국을 찾아서,114,92,2019-06-13,256679
2019-07-15,20196309,스파이더맨: 파 프롬 홈,7671,1553,2019-07-02,6795902
2019-07-15,20183867,알라딘,3029,822,2019-05-23,10241723
2019-07-15,20184047,토이 스토리 4,1357,596,2019-06-20,3171536
2019-07-15,20185353,기방도령,1874,554,2019-07-10,239802
2019-07-15,20183782,기생충,704,373,2019-05-30,9936368
2019-07-15,20185986,진범,846,206,2019-07-10,118049
2019-07-15,20192151,미드소마,618,334,2019-07-11,52179
2019-07-15,20196655,존 윅 3: 파라벨룸,288,177,2019-06-26,917189
2019-07-15,20199951,애나벨 집으로,245,134,2019-06-26,462361
2019-07-15,20191601,극장판 엉덩이 탐정: 화려한 사건 수첩,369,279,2019-07-11,103663
2019-07-16,20196309,스파이더맨: 파 프롬 홈,7563,1571,2019-07-02,6897296
2019-07-16,20183867,알라딘,3100,858,2019-05-23,10325885
2019-07-16,20184047,토이 스토리 4,1383,615,2019-06-20,3192915
2019-07-16,20185353,기방도령,1848,569,2019-07-10,259310
2019-07-16,20183782,기생충,712,374,2019-05-30,9952318
2019-07-16,20185986,진범,825,205,2019-07-10,128140
2019-07-16,20192151,미드소마,632,348,2019-07-11,59269
2019-07-16,20196655,존 윅 3: 파라벨룸,299,185,2019-06-26,921203
2019-07-16,20199951,애나벨 집으로,258,144,2019-06-26,466007
2019-07-16,20191601,극장판 엉덩이 탐정: 화려한 사건 수첩,387,292,2019-07-11,106834
2019-07-17,20175771,라이온 킹,9869,1856,2019-07-17,307407
2019-07-17,20196309,스파이더맨: 파 프롬 홈,3428,873,2019-07-02,6974152
2019-07-17,20183867,알라딘,2022,647,2019-05-23,10382205
2019-07-17,20184047,토이 스토리 4,542,325,2019-06-20,3202956
2019-07-17,20192222,사일런스,1015,456,2019-07-17,9552
2019-07-17,20183782,기생충,317,195,2019-05-30,9960204
2019-07-17,20185986,진범,403,176,2019-07-10,133241
2019-07-17,20185353,기방도령,344,232,2019-07-10,263920
2019-07-17,20192151,미드소마,142,125,2019-07-11,61564
2019-07-17,20199951,애나벨 집으로,84,55,2019-06-26,467734
2019-07-18,20175771,라이온 킹,9698,1854,2019-07-17,544742
2019-07-18,20196309,스파이더맨: 파 프롬 홈,3318,888,2019-07-02,7047900
2019-07-18,20183867,알라딘,2123,694,2019-05-23,10445195
2019-07-18,20184047,토이 스토리 4,505,316,2019-06-20,3213620
2019-07-18,20183782,기생충,305,196,2019-05-30,9968650
2019-07-18,20192222,사일런스,952,449,2019-07-17,17850
2019-07-18,20185986,진범,410,189,2019-07-10,138523
2019-07-18,20184621,엑시트,20,20,2019-07-31,6584
2019-07-18,20182490,나랏말싸미,19,18,2019-07-24,6563
2019-07-18,20185353,기방도령,292,194,2019-07-10,267480
2019-07-19,20175771,라이온 킹,9953,1856,2019-07-17,848624
2019-07-19,20196309,스파이더맨: 파 프롬 홈,3327,872,2019-07-02,7148288
2019-07-19,20183867,알라딘,2433,771,2019-05-23,10541050
2019-07-19,20184047,토이 스토리 4,534,319,2019-06-20,3227631
2019-07-19,20183782,기생충,308,192,2019-05-30,9978291
2019-07-19,20192222,사일런스,894,431,2019-07-17,27044
2019-07-19,20182490,나랏말싸미,36,31,2019-07-24,13944
2019-07-19,20185986,진범,407,204,2019-07-10,144417
2019-07-19,20185353,기방도령,276,182,2019-07-10,270170
2019-07-19,20199951,애나벨 집으로,91,55,2019-06-26,471266
2019-07-20,20175771,라이온 킹,10421,1936,2019-07-17,1591075
2019-07-20,20183867,알라딘,2863,901,2019-05-23,10746169
2019-07-20,20196309,스파이더맨: 파 프롬 홈,3108,866,2019-07-02,7336718
2019-07-20,20184047,토이 스토리 4,639,401,2019-06-20,3256256
2019-07-20,20183782,기생충,227,154,2019-05-30,9990057
2019-07-20,20190002,롱 샷,368,264,2019-07-24,29284
2019-07-20,20192222,사일런스,655,412,2019-07-17,36037
2019-07-20,20191601,극장판 엉덩이 탐정: 화려한 사건 수첩,231,189,2019-07-11,117810
2019-07-20,20185986,진범,293,167,2019-07-10,151004
2019-07-20,20185353,기방도령,224,158,2019-07-10,274114
2019-07-21,20175771,라이온 킹,10061,1908,2019-07-17,2275556
2019-07-21,20183867,알라딘,2932,958,2019-05-23,10943508
2019-07-21,20196309,스파이더맨: 파 프롬 홈,3047,869,2019-07-02,7499041
2019-07-21,20184047,토이 스토리 4,640,409,2019-06-20,3288383
2019-07-21,20183782,기생충,243,170,2019-05-30,10001726
2019-07-21,20191601,극장판 엉덩이 탐정: 화려한 사건 수첩,244,203,2019-07-11,127100
2019-07-21,20190002,롱 샷,359,254,2019-07-24,38403
2019-07-21,20192222,사일런스,618,389,2019-07-17,43202
2019-07-21,20185986,진범,302,170,2019-07-10,157393
2019-07-21,20190273,천로역정: 천국을 찾아서,80,60,2019-06-13,272208
2019-07-22,20175771,라이온 킹,8642,1699,2019-07-17,2445816
2019-07-22,20183867,알라딘,3142,876,2019-05-23,11018676
2019-07-22,20196309,스파이더맨: 파 프롬 홈,3166,834,2019-07-02,7553334
2019-07-22,20184047,토이 스토리 4,663,358,2019-06-20,3299800
2019-07-22,20183782,기생충,372,205,2019-05-30,10009229
2019-07-22,20182490,나랏말싸미,21,21,2019-07-24,19457
2019-07-22,20192222,사일런스,670,380,2019-07-17,47781
2019-07-22,20185986,진범,369,192,2019-07-10,160965
2019-07-22,20180442,사자,12,7,2019-07-31,2601
2019-07-22,20185353,기방도령,246,154,2019-07-10,280016
2019-07-23,20175771,라이온 킹,8578,1695,2019-07-17,2604868
2019-07-23,20183867,알라딘,3153,890,2019-05-23,11092993
2019-07-23,20196309,스파이더맨: 파 프롬 홈,3172,833,2019-07-02,7604162
2019-07-23,20184047,토이 스토리 4,666,352,2019-06-20,3312646
2019-07-23,20183782,기생충,384,212,2019-05-30,10017904
2019-07-23,20183844,마이펫의 이중생활 2,26,26,2019-07-31,5330
2019-07-23,20192222,사일런스,691,395,2019-07-17,52388
2019-07-23,20185986,진범,366,189,2019-07-10,164371
2019-07-23,20185353,기방도령,254,168,2019-07-10,282353
2019-07-23,20191601,극장판 엉덩이 탐정: 화려한 사건 수첩,133,117,2019-07-11,129621
2019-07-24,20182490,나랏말싸미,6598,1211,2019-07-24,171349
2019-07-24,20175771,라이온 킹,4982,1151,2019-07-17,2734017
2019-07-24,20183867,알라딘,2268,700,2019-05-23,11157365
2019-07-24,20192725,명탐정 코난: 감청의 권,1506,591,2019-07-24,58712
2019-07-24,20196309,스파이더맨: 파 프롬 홈,1776,587,2019-07-02,7640030
2019-07-24,20190002,롱 샷,1235,443,2019-07-24,54719
2019-07-24,20184621,엑시트,23,23,2019-07-31,12317
2019-07-24,20184047,토이 스토리 4,182,130,2019-06-20,3317626
2019-07-24,20191845,난폭한 기록,23,19,2019-07-11,10030
2019-07-24,20183782,기생충,118,78,2019-05-30,10020769
2019-07-25,20175771,라이온 킹,4975,1192,2019-07-17,2869265
2019-07-25,20182490,나랏말싸미,6088,1165,2019-07-24,285130
2019-07-25,20183867,알라딘,2342,770,2019-05-23,11226398
2019-07-25,20198323,레드슈즈,1072,590,2019-07-25,38123
2019-07-25,20196309,스파이더맨: 파 프롬 홈,1724,618,2019-07-02,7674521
2019-07-25,20192725,명탐정 코난: 감청의 권,1289,602,2019-07-24,84086
2019-07-25,20190002,롱 샷,1117,442,2019-07-24,70587
2019-07-25,20184047,토이 스토리 4,158,122,2019-06-20,3321998
2019-07-25,20180442,사자,18,18,2019-07-31,8429
2019-07-25,20183782,기생충,126,83,2019-05-30,10024167
2019-07-26,20175771,라이온 킹,5270,1234,2019-07-17,3026792
2019-07-26,20182490,나랏말싸미,5559,1084,2019-07-24,390195
2019-07-26,20183867,알라딘,2744,871,2019-05-23,11313807
2019-07-26,20196309,스파이더맨: 파 프롬 홈,1844,670,2019-07-02,7716915
2019-07-26,20198323,레드슈즈,1159,607,2019-07-25,69150
2019-07-26,20192725,명탐정 코난: 감청의 권,1208,576,2019-07-24,103405
2019-07-26,20190002,롱 샷,1019,449,2019-07-24,88770
2019-07-26,20184047,토이 스토리 4,219,150,2019-06-20,3328494
2019-07-26,20183782,기생충,140,94,2019-05-30,10028046
2019-07-26,20180442,사자,11,11,2019-07-31,10726
2019-07-27,20175771,라이온 킹,6072,1404,2019-07-17,3384606
2019-07-27,20182490,나랏말싸미,4850,1016,2019-07-24,589612
2019-07-27,20183867,알라딘,3302,1015,2019-05-23,11493202
2019-07-27,20196309,스파이더맨: 파 프롬 홈,1818,676,2019-07-02,7800228
2019-07-27,20198323,레드슈즈,1464,709,2019-07-25,138044
2019-07-27,20192725,명탐정 코난: 감청의 권,1072,568,2019-07-24,137204
2019-07-27,20190002,롱 샷,835,437,2019-07-24,116861
2019-07-27,20184047,토이 스토리 4,291,199,2019-06-20,3341995
2019-07-27,20183782,기생충,151,94,2019-05-30,10034925
2019-07-27,20190273,천로역정: 천국을 찾아서,48,37,2019-06-13,280374
2019-07-28,20175771,라이온 킹,6030,1435,2019-07-17,3706701
2019-07-28,20183867,알라딘,3305,1015,2019-05-23,11662008
2019-07-28,20182490,나랏말싸미,4511,972,2019-07-24,755448
2019-07-28,20196309,스파이더맨: 파 프롬 홈,1831,688,2019-07-02,7872674
2019-07-28,20198323,레드슈즈,1486,717,2019-07-25,209750
2019-07-28,20192725,명탐정 코난: 감청의 권,1040,553,2019-07-24,167765
2019-07-28,20190002,롱 샷,841,454,2019-07-24,142786
2019-07-28,20184047,토이 스토리 4,280,192,2019-06-20,3355808
2019-07-28,20183782,기생충,160,99,2019-05-30,10042251
2019-07-28,20190273,천로역정: 천국을 찾아서,53,43,2019-06-13,283935
2019-07-29,20175771,라이온 킹,5698,1281,2019-07-17,3866718
2019-07-29,20183867,알라딘,3209,917,2019-05-23,11758591
2019-07-29,20182490,나랏말싸미,4209,908,2019-07-24,819649
2019-07-29,20198323,레드슈즈,1421,636,2019-07-25,264852
2019-07-29,20196309,스파이더맨: 파 프롬 홈,1816,638,2019-07-02,7910133
2019-07-29,20190002,롱 샷,902,450,2019-07-24,158623
2019-07-29,20192725,명탐정 코난: 감청의 권,970,511,2019-07-24,183401
2019-07-29,20184047,토이 스토리 4,294,184,2019-06-20,3366407
2019-07-29,20184462,봉오동 전투,32,30,2019-08-07,6782
2019-07-29,20183782,기생충,190,112,2019-05-30,10047412
2019-07-30,20175771,라이온 킹,5674,1311,2019-07-17,4015353
2019-07-30,20183867,알라딘,3231,936,2019-05-23,11855279
2019-07-30,20198323,레드슈즈,1484,673,2019-07-25,325065
2019-07-30,20182490,나랏말싸미,4015,870,2019-07-24,879770
2019-07-30,20196309,스파이더맨: 파 프롬 홈,1825,641,2019-07-02,7948798
2019-07-30,20184621,엑시트,100,100,2019-07-31,39219
2019-07-30,20192725,명탐정 코난: 감청의 권,964,502,2019-07-24,199384
2019-07-30,20190002,롱 샷,900,454,2019-07-24,174198
2019-07-30,20184047,토이 스토리 4,316,201,2019-06-20,3377382
2019-07-30,20180442,사자,29,23,2019-07-31,26021
2019-07-31,20184621,엑시트,6827,1323,2019-07-31,529217
2019-07-31,20180442,사자,6140,1405,2019-07-31,406115
2019-07-31,20183844,마이펫의 이중생활 2,2738,806,2019-07-31,181466
2019-07-31,20175771,라이온 킹,1974,761,2019-07-17,4141570
2019-07-31,20183867,알라딘,1246,565,2019-05-23,11936071
2019-07-31,20198323,레드슈즈,602,420,2019-07-25,362447
2019-07-31,20182490,나랏말싸미,666,399,2019-07-24,899992
2019-07-31,20196309,스파이더맨: 파 프롬 홈,252,180,2019-07-02,7960091
2019-07-31,20192725,명탐정 코난: 감청의 권,129,106,2019-07-24,203879
2019-07-31,20190002,롱 샷,60,48,2019-07-24,176558
