,showAcc,scrnAcc,sameOpenDtCnt,audiAcc
0,0,0,2,2748519
1,11799,2655,6,1009675
2,3008,1288,6,193705
3,0,0,1,5560021
4,3240,1369,6,224534
5,0,0,2,257540
6,18529,4822,3,3090
7,540,316,6,25396
8,1108,693,6,28340
9,245,106,6,24030
10,0,0,2,2810140
11,11799,2655,6,1064068
12,3008,1288,6,209869
13,0,0,1,5575218
14,3240,1369,6,233494
15,5509,2955,5,11150
16,540,316,6,28655
17,0,0,2,260136
18,36052,8344,5,3187
19,1108,693,6,30561
20,36052,8344,5,89996
21,28176,6744,5,55927
22,0,0,2,2851405
23,11799,2655,6,1101819
24,3008,1288,6,220364
25,5509,2955,5,19964
26,0,0,1,5582899
27,3240,1369,6,236357
28,6560,1820,3,5515
29,0,0,1,50515
30,36052,8344,5,145803
31,28176,6744,5,99444
32,0,0,2,2887307
33,11799,2655,6,1133912
34,3008,1288,6,230090
35,0,0,1,5590569
36,5509,2955,5,26313
37,3240,1369,6,239393
38,6560,1820,3,7310
39,48,31,1,1572
40,36052,8344,5,216479
41,28176,6744,5,156757
42,0,0,2,2934965
43,11799,2655,6,1181504
44,3008,1288,6,246555
45,0,0,1,5601607
46,5509,2955,5,31978
47,3240,1369,6,242773
48,6560,1820,3,9652
49,145,115,5,4609
50,36052,8344,5,376179
51,28176,6744,5,270086
52,0,0,2,3034628
53,11799,2655,6,1276901
54,3008,1288,6,283818
55,3240,1369,6,269816
56,0,0,1,5628256
57,5509,2955,5,39390
58,403,359,5,3419
59,540,316,6,33733
60,36052,8344,5,500650
61,28176,6744,5,375445
62,0,0,2,3117350
63,11799,2655,6,1344562
64,3008,1288,6,318784
65,3240,1369,6,296253
66,0,0,1,5649943
67,5509,2955,5,46938
68,403,359,5,5158
69,540,316,6,35223
70,28176,6744,5,414584
71,36052,8344,5,529505
72,0,0,2,3144521
73,11799,2655,6,1363682
74,3008,1288,6,328038
75,0,0,1,5656785
76,5509,2955,5,51869
77,3240,1369,6,298095
78,826,364,3,1476
79,540,316,6,36252
80,28176,6744,5,454816
81,0,0,2,3169423
82,36052,8344,5,553399
83,11799,2655,6,1379883
84,3008,1288,6,335770
85,0,0,1,5663307
86,5509,2955,5,57212
87,3240,1369,6,300095
88,0,0,1,53153
89,6560,1820,3,10605
90,28176,6744,5,498167
91,18089,5154,3,36414
92,0,0,2,3194286
93,9278,3097,3,19512
94,36052,8344,5,569214
95,11799,2655,6,1393651
96,6591,2605,3,17913
97,3008,1288,6,344983
98,0,0,1,5667685
99,5509,2955,5,60426
100,28176,6744,5,530691
101,18089,5154,3,64661
102,18529,4822,3,27610
103,0,0,2,3209315
104,9278,3097,3,32202
105,6560,1820,3,21621
106,4539,1146,3,9162
107,36052,8344,5,578185
108,11799,2655,6,1402122
109,6591,2605,3,25911
110,28176,6744,5,577613
111,18089,5154,3,98479
112,18529,4822,3,56428
113,0,0,2,3229304
114,9278,3097,3,47179
115,6560,1820,3,35115
116,36052,8344,5,591308
117,11799,2655,6,1414274
118,6591,2605,3,36325
119,4539,1146,3,18321
120,28176,6744,5,663642
121,18089,5154,3,159669
122,18529,4822,3,98037
123,0,0,2,3264802
124,36052,8344,5,615040
125,6560,1820,3,57313
126,9278,3097,3,69276
127,11799,2655,6,1434342
128,4539,1146,3,34429
129,3008,1288,6,375214
130,28176,6744,5,761774
131,18089,5154,3,220243
132,18529,4822,3,141588
133,0,0,2,3302781
134,36052,8344,5,636971
135,6560,1820,3,77388
136,9278,3097,3,87134
137,4539,1146,3,52093
138,6591,2605,3,67395
139,11799,2655,6,1450902
140,28176,6744,5,791883
141,18089,5154,3,238097
142,18529,4822,3,157817
143,0,0,2,3314856
144,6591,2605,3,74079
145,6560,1820,3,83882
146,4539,1146,3,57996
147,9278,3097,3,92642
148,11799,2655,6,1455540
149,36052,8344,5,641178
150,28176,6744,5,834272
151,18529,4822,3,172834
152,18089,5154,3,251823
153,0,0,2,3325302
154,25307,6501,3,10965
155,6591,2605,3,80608
156,6560,1820,3,89773
157,4539,1146,3,62626
158,0,0,1,5703850
159,11799,2655,6,1459681
160,28176,6744,5,866811
161,17378,4258,3,26321
162,18529,4822,3,185137
163,18089,5154,3,262240
164,8258,3211,3,10764
165,0,0,2,3333479
166,6560,1820,3,95136
167,25307,6501,3,16015
168,0,0,1,4615
169,826,364,3,7666
170,28176,6744,5,895826
171,17378,4258,3,46529
172,6877,2838,2,16364
173,18529,4822,3,195500
174,18089,5154,3,270478
175,0,0,2,3340146
176,8258,3211,3,16889
177,0,0,1,8733
178,6560,1820,3,99042
179,25307,6501,3,19892
180,28176,6744,5,932672
181,17378,4258,3,74771
182,6877,2838,2,29127
183,18529,4822,3,207929
184,18089,5154,3,280649
185,0,0,2,3348759
186,8258,3211,3,24846
187,0,0,1,5718476
188,6560,1820,3,104471
189,0,0,1,14050
190,28176,6744,5,1003098
191,17378,4258,3,123408
192,18529,4822,3,228596
193,0,0,1,5737083
194,6877,2838,2,46796
195,18089,5154,3,298000
196,0,0,2,3364601
197,8258,3211,3,35976
198,0,0,1,23362
199,6560,1820,3,113743
200,28176,6744,5,1066140
201,17378,4258,3,161060
202,18529,4822,3,248101
203,0,0,1,5755436
204,6877,2838,2,62272
205,18089,5154,3,311910
206,0,0,2,3378078
207,8258,3211,3,46139
208,0,0,1,31419
209,6560,1820,3,121583
210,28176,6744,5,1088135
211,17378,4258,3,173865
212,18529,4822,3,257385
213,6877,2838,2,70253
214,0,0,1,5762512
215,0,0,2,3382937
216,18089,5154,3,316751
217,8258,3211,3,50061
218,0,0,1,35241
219,4539,1146,3,87314
220,28176,6744,5,1110008
221,17378,4258,3,184603
222,18529,4822,3,267529
223,6877,2838,2,80038
224,0,0,1,5771132
225,0,0,2,3387540
226,18089,5154,3,321118
227,0,0,1,39513
228,4539,1146,3,91358
229,8258,3211,3,53500
230,100267,22087,1,1339353
231,28176,6744,5,1127668
232,18529,4822,3,270844
233,6877,2838,2,83160
234,17378,4258,3,187616
235,0,0,1,41131
236,0,0,1,5772629
237,6560,1820,3,128135
238,215,196,2,17347
239,629,372,2,1185
240,100267,22087,1,2171533
241,8834,4574,2,18580
242,28176,6744,5,1137043
243,17378,4258,3,189697
244,18529,4822,3,272839
245,6877,2838,2,85152
246,0,0,1,5774419
247,0,0,1,42740
248,371,274,2,2357
249,215,196,2,18142
250,100267,22087,1,3218224
251,8834,4574,2,34531
252,28176,6744,5,1148553
253,17378,4258,3,192502
254,0,0,1,5776949
255,18529,4822,3,275333
256,0,0,1,44979
257,6877,2838,2,87318
258,371,274,2,3780
259,6560,1820,3,129504
260,100267,22087,1,4880693
261,8834,4574,2,152303
262,28176,6744,5,1159311
263,0,0,1,5780270
264,17378,4258,3,195225
265,0,0,1,47399
266,18529,4822,3,277622
267,371,274,2,5641
268,6877,2838,2,89082
269,3008,1288,6,424479
270,100267,22087,1,6308048
271,8834,4574,2,275016
272,28176,6744,5,1168386
273,0,0,1,5783218
274,0,0,1,49958
275,371,274,2,7824
276,17378,4258,3,197125
277,18529,4822,3,279305
278,6877,2838,2,90320
279,6560,1820,3,131698
280,100267,22087,1,6779837
281,8834,4574,2,284663
282,28176,6744,5,1174396
283,15841,4852,2,4798
284,0,0,1,51934
285,2214,1960,3,1989
286,6877,2838,2,91949
287,18529,4822,3,280787
288,0,0,1,5784637
289,2305,1418,3,1412
290,100267,22087,1,7331158
291,8834,4574,2,295380
292,28176,6744,5,1183373
293,29528,6936,5,3926
294,0,0,1,54586
295,18529,4822,3,283323
296,0,0,1,5787033
297,6877,2838,2,93471
298,17378,4258,3,199530
299,371,274,2,10088
300,100267,22087,1,8242532
301,25307,6501,3,169371
302,8834,4574,2,397761
303,2214,1960,3,15838
304,28176,6744,5,1186762
305,767,738,3,3276
306,0,0,1,5789570
307,371,274,2,12276
308,18529,4822,3,285135
309,0,0,1,55691
310,100267,22087,1,8619354
311,25307,6501,3,241710
312,8834,4574,2,408231
313,0,0,1,475949
314,17150,5533,3,3473
315,2214,1960,3,18706
316,19380,7048,5,2182
317,629,372,2,3413
318,47,34,2,1455
319,0,0,1,5790979
320,100267,22087,1,9186414
321,25307,6501,3,339402
322,8834,4574,2,424181
323,2214,1960,3,22630
324,767,738,3,6926
325,0,0,1,477662
326,28176,6744,5,1189606
327,629,372,2,4973
328,0,0,1,5792523
329,371,274,2,14578
330,100267,22087,1,10086279
331,25307,6501,3,486186
332,8834,4574,2,499802
333,19380,7048,5,56352
334,2214,1960,3,29072
335,0,0,1,480095
336,629,372,2,7080
337,0,0,1,5794498
338,371,274,2,16311
339,767,738,3,8617
340,100267,22087,1,10952315
341,25307,6501,3,660849
342,8834,4574,2,580290
343,19380,7048,5,119716
344,2214,1960,3,37541
345,0,0,1,482408
346,629,372,2,8943
347,371,274,2,18100
348,767,738,3,10185
349,0,0,1,5796057
350,100267,22087,1,11591672
351,25307,6501,3,838679
352,8834,4574,2,659595
353,19380,7048,5,187882
354,2214,1960,3,47126
355,629,372,2,11213
356,0,0,1,484458
357,767,738,3,12214
358,371,274,2,19794
359,0,0,1,5797322
360,100267,22087,1,11756018
361,25307,6501,3,918019
362,48157,9598,3,10224
363,8834,4574,2,665616
364,17150,5533,3,5488
365,15841,4852,2,7100
366,371,274,2,21186
367,2214,1960,3,48488
368,28176,6744,5,1193227
369,29528,6936,5,5618
370,100267,22087,1,11876179
371,25307,6501,3,976585
372,4192,1480,1,9359
373,48157,9598,3,13738
374,8834,4574,2,669082
375,452,279,5,3181
376,17150,5533,3,6571
377,629,372,2,13095
378,15841,4852,2,8024
379,0,0,1,486208
380,100267,22087,1,11986726
381,29528,6936,5,80505
382,25307,6501,3,1017310
383,19380,7048,5,215236
384,48157,9598,3,20428
385,4192,1480,1,14256
386,17150,5533,3,11034
387,8834,4574,2,672089
388,947,618,5,2371
389,759,440,5,2247
390,100267,22087,1,12154535
391,29528,6936,5,181054
392,25307,6501,3,1075417
393,19380,7048,5,250280
394,4192,1480,1,19572
395,8834,4574,2,675486
396,947,618,5,4029
397,759,440,5,3474
398,5,4,2,1167
399,452,279,5,4609
400,100267,22087,1,12508754
401,29528,6936,5,388660
402,25307,6501,3,1181591
403,19380,7048,5,353157
404,8834,4574,2,698768
405,4192,1480,1,28750
406,17150,5533,3,17800
407,759,440,5,5471
408,947,618,5,5846
409,452,279,5,5958
410,100267,22087,1,12799532
411,29528,6936,5,591968
412,19380,7048,5,453858
413,25307,6501,3,1275403
414,8834,4574,2,721423
415,4192,1480,1,37029
416,17150,5533,3,23716
417,759,440,5,6999
418,947,618,5,7209
419,452,279,5,7161
420,100267,22087,1,12881910
421,29528,6936,5,665942
422,25307,6501,3,1303318
423,19380,7048,5,472941
424,4192,1480,1,41347
425,17150,5533,3,25511
426,8834,4574,2,723002
427,759,440,5,7894
428,947,618,5,7801
429,452,279,5,7647
430,29528,6936,5,742486
431,100267,22087,1,12951810
432,25307,6501,3,1331746
433,19380,7048,5,491059
434,4192,1480,1,45591
435,15841,4852,2,11456
436,8834,4574,2,724974
437,17150,5533,3,27012
438,759,440,5,8991
439,947,618,5,8518
440,48157,9598,3,196391
441,29528,6936,5,806485
442,100267,22087,1,13013963
443,17150,5533,3,52941
444,25307,6501,3,1351920
445,19380,7048,5,504041
446,4192,1480,1,47721
447,8834,4574,2,726365
448,28176,6744,5,1195385
449,15841,4852,2,12182
450,48157,9598,3,366934
451,100267,22087,1,13064800
452,29528,6936,5,855994
453,17150,5533,3,71834
454,25307,6501,3,1364982
455,19380,7048,5,512436
456,2305,1418,3,6226
457,1882,1356,3,7395
458,292,168,3,2902
459,4192,1480,1,49438
460,48157,9598,3,584509
461,100267,22087,1,13138069
462,29528,6936,5,926765
463,17150,5533,3,97693
464,25307,6501,3,1379943
465,19380,7048,5,524921
466,2305,1418,3,10321
467,1882,1356,3,11269
468,4192,1480,1,51937
469,292,168,3,4492
470,48157,9598,3,1039502
471,100267,22087,1,13307643
472,29528,6936,5,1084377
473,19380,7048,5,577777
474,17150,5533,3,145088
475,25307,6501,3,1406780
476,8834,4574,2,739673
477,2305,1418,3,15682
478,1882,1356,3,16232
479,4192,1480,1,56553
480,48157,9598,3,1480292
481,100267,22087,1,13453640
482,29528,6936,5,1227825
483,19380,7048,5,635128
484,17150,5533,3,192178
485,25307,6501,3,1430791
486,8834,4574,2,752508
487,1882,1356,3,21806
488,4192,1480,1,61163
489,2305,1418,3,19684
490,48157,9598,3,1645879
491,100267,22087,1,13495282
492,29528,6936,5,1269139
493,17150,5533,3,212589
494,25307,6501,3,1437656
495,19380,7048,5,641936
496,1882,1356,3,25186
497,15841,4852,2,16858
498,2305,1418,3,21961
499,4192,1480,1,62945
500,48157,9598,3,1784708
501,29528,6936,5,1308151
502,100267,22087,1,13531329
503,17150,5533,3,227562
504,25307,6501,3,1444326
505,19380,7048,5,648117
506,1882,1356,3,30073
507,4192,1480,1,65975
508,2305,1418,3,24217
509,245,132,3,10353
510,48157,9598,3,1914726
511,29528,6936,5,1346991
512,100267,22087,1,13566795
513,15841,4852,2,38338
514,17150,5533,3,237734
515,25307,6501,3,1450126
516,19380,7048,5,653665
517,1882,1356,3,33304
518,245,132,3,11812
519,35684,8757,5,2318
520,48157,9598,3,2029186
521,35684,8757,5,75054
522,29528,6936,5,1373038
523,100267,22087,1,13589220
524,8383,3133,5,18029
525,15841,4852,2,54681
526,17150,5533,3,242452
527,25307,6501,3,1453590
528,1882,1356,3,35806
529,19380,7048,5,655399
530,48157,9598,3,2183047
531,35684,8757,5,185003
532,29528,6936,5,1408540
533,100267,22087,1,13620516
534,15841,4852,2,76719
535,8383,3133,5,33581
536,17150,5533,3,249294
537,25307,6501,3,1457232
538,19380,7048,5,658147
539,1882,1356,3,38402
540,35684,8757,5,515022
541,48157,9598,3,2489606
542,100267,22087,1,13690026
543,29528,6936,5,1477624
544,15841,4852,2,114122
545,8383,3133,5,54091
546,19380,7048,5,669144
547,17150,5533,3,259696
548,314,268,5,6247
549,1882,1356,3,42656
550,35684,8757,5,874017
551,48157,9598,3,2761916
552,29528,6936,5,1538165
553,100267,22087,1,13749016
554,15841,4852,2,150068
555,8383,3133,5,71610
556,19380,7048,5,680420
557,17150,5533,3,270270
558,95,52,5,8491
559,1882,1356,3,47936
560,35684,8757,5,983675
561,48157,9598,3,2871208
562,100267,22087,1,13770959
563,29528,6936,5,1559495
564,15841,4852,2,162950
565,8383,3133,5,78229
566,17150,5533,3,273667
567,1882,1356,3,50694
568,19380,7048,5,681635
569,216,161,5,9616
570,35684,8757,5,1092014
571,48157,9598,3,2950737
572,100267,22087,1,13789849
573,29528,6936,5,1577395
574,15841,4852,2,175164
575,8383,3133,5,83850
576,71268,14410,3,4264
577,17150,5533,3,276988
578,1882,1356,3,53642
579,3608,2440,4,5844
580,35684,8757,5,1338006
581,48157,9598,3,3084044
582,14544,4786,2,92635
583,5184,2875,2,33454
584,29528,6936,5,1603818
585,100267,22087,1,13805218
586,15841,4852,2,185553
587,71268,14410,3,9862
588,8383,3133,5,86982
589,17150,5533,3,279660
590,71268,14410,3,577954
591,35684,8757,5,1412968
592,48157,9598,3,3121441
593,14544,4786,2,120117
594,5184,2875,2,44423
595,100267,22087,1,13810670
596,29528,6936,5,1606737
597,1882,1356,3,57883
598,25307,6501,3,1468565
599,44,30,3,1629
600,71268,14410,3,1245780
601,35684,8757,5,1536234
602,48157,9598,3,3168028
603,14544,4786,2,157836
604,5184,2875,2,59344
605,100267,22087,1,13818866
606,29528,6936,5,1610582
607,1882,1356,3,59586
608,15841,4852,2,188548
609,28074,6833,1,1666
610,71268,14410,3,2372457
611,35684,8757,5,1842260
612,14544,4786,2,236121
613,48157,9598,3,3230914
614,5184,2875,2,85289
615,100267,22087,1,13831937
616,310,255,3,5094
617,29528,6936,5,1614840
618,15841,4852,2,191273
619,1882,1356,3,61958
620,71268,14410,3,3367064
621,35684,8757,5,2149999
622,14544,4786,2,301152
623,48157,9598,3,3280862
624,5184,2875,2,107081
625,100267,22087,1,13843909
626,310,255,3,9582
627,29528,6936,5,1618601
628,1882,1356,3,65399
629,15841,4852,2,193949
630,71268,14410,3,3749561
631,35684,8757,5,2231612
632,48157,9598,3,3300310
633,14544,4786,2,315086
634,5184,2875,2,113968
635,100267,22087,1,13848976
636,29528,6936,5,1620355
637,1882,1356,3,66981
638,8433,3838,2,1549
639,15841,4852,2,194642
640,71268,14410,3,4098284
641,35684,8757,5,2316410
642,48157,9598,3,3317963
643,14544,4786,2,328023
644,5184,2875,2,121055
645,100267,22087,1,13854068
646,28074,6833,1,4171
647,3608,2440,4,11218
648,1882,1356,3,68791
649,29528,6936,5,1621842
650,71268,14410,3,4524029
651,24146,6273,2,122892
652,35684,8757,5,2429575
653,8433,3838,2,13716
654,48157,9598,3,3325844
655,14544,4786,2,332734
656,100267,22087,1,13856956
657,28074,6833,1,6948
658,5184,2875,2,123445
659,25307,6501,3,1472139
660,71268,14410,3,5355675
661,35684,8757,5,2803134
662,24146,6273,2,369198
663,0,0,1,38119
664,8433,3838,2,33088
665,1646,1451,2,20201
666,14544,4786,2,339162
667,48157,9598,3,3331992
668,100267,22087,1,13862203
669,212,141,2,3481
670,71268,14410,3,5875395
671,35684,8757,5,3088079
672,24146,6273,2,487055
673,0,0,1,55389
674,8433,3838,2,44420
675,1646,1451,2,28357
676,48157,9598,3,3336553
677,14544,4786,2,343720
678,100267,22087,1,13866340
679,5184,2875,2,128623
680,71268,14410,3,6512986
681,35684,8757,5,3503389
682,24146,6273,2,626986
683,0,0,1,77496
684,8433,3838,2,58737
685,1646,1451,2,36482
686,48157,9598,3,3342098
687,14544,4786,2,348899
688,100267,22087,1,13871319
689,5184,2875,2,131430
690,71268,14410,3,7022120
691,35684,8757,5,3899540
692,24146,6273,2,737179
693,0,0,1,101213
694,8433,3838,2,72451
695,1646,1451,2,44189
696,48157,9598,3,3346654
697,100267,22087,1,13875330
698,14544,4786,2,352862
699,5184,2875,2,133522
700,71268,14410,3,7216782
701,35684,8757,5,4008942
702,24146,6273,2,768335
703,8433,3838,2,80324
704,0,0,1,105879
705,48157,9598,3,3349268
706,100267,22087,1,13877262
707,28074,6833,1,8011
708,14544,4786,2,353890
709,17378,4258,3,202756
710,71268,14410,3,7374556
711,35684,8757,5,4113370
712,24146,6273,2,793302
713,8433,3838,2,88505
714,0,0,1,110845
715,33948,7758,1,3140
716,48157,9598,3,3351453
717,100267,22087,1,13878869
718,28074,6833,1,9389
719,1646,1451,2,46183
720,71268,14410,3,7520772
721,33948,7758,1,118343
722,35684,8757,5,4215806
723,24146,6273,2,804755
724,0,0,1,114274
725,8433,3838,2,90913
726,28074,6833,1,11389
727,100267,22087,1,13880037
728,1882,1356,3,79000
729,48157,9598,3,3352511
730,71268,14410,3,7656967
731,35684,8757,5,4319424
732,33948,7758,1,196299
733,3608,2440,4,21176
734,24146,6273,2,812588
735,3411,1218,4,10706
736,2077,1158,4,5956
737,0,0,1,116824
738,28074,6833,1,13939
739,8433,3838,2,92566
740,71268,14410,3,7825159
741,35684,8757,5,4484498
742,33948,7758,1,297971
743,24146,6273,2,821453
744,3608,2440,4,28206
745,3411,1218,4,16163
746,0,0,1,120091
747,2077,1158,4,9095
748,8433,3838,2,94314
749,100267,22087,1,13882843
750,35684,8757,5,4912441
751,71268,14410,3,8104195
752,33948,7758,1,486645
753,3608,2440,4,52267
754,24146,6273,2,833917
755,0,0,1,131183
756,3411,1218,4,23404
757,2077,1158,4,13238
758,481,450,4,4211
759,100267,22087,1,13885513
760,35684,8757,5,5325767
761,71268,14410,3,8345803
762,33948,7758,1,637801
763,3608,2440,4,77793
764,24146,6273,2,845123
765,0,0,1,142372
766,3411,1218,4,30244
767,2077,1158,4,17105
768,481,450,4,6537
769,100267,22087,1,13887813
770,35684,8757,5,5457006
771,71268,14410,3,8451009
772,33948,7758,1,680445
773,3608,2440,4,85410
774,24146,6273,2,850375
775,3411,1218,4,33833
776,2077,1158,4,19997
777,0,0,1,144488
778,100267,22087,1,13889088
779,8433,3838,2,99829
780,35684,8757,5,5589546
781,71268,14410,3,8551709
782,33948,7758,1,719968
783,3608,2440,4,94230
784,24146,6273,2,855419
785,3411,1218,4,37467
786,11561,4195,4,3445
787,2077,1158,4,22749
788,0,0,1,146961
789,100267,22087,1,13890410
790,35684,8757,5,5726243
791,28074,6833,1,134610
792,71268,14410,3,8643878
793,33948,7758,1,746052
794,3608,2440,4,100247
795,2077,1158,4,24912
796,24146,6273,2,857562
797,0,0,1,149037
798,3411,1218,4,39503
799,20595,6521,4,3769
800,38794,8733,4,142561
801,35684,8757,5,5848266
802,28074,6833,1,224776
803,71268,14410,3,8723188
804,33948,7758,1,761169
805,4974,2524,4,13453
806,3608,2440,4,104593
807,7670,3729,3,3395
808,3130,1141,4,3837
809,755,351,4,2850
810,35684,8757,5,6021156
811,38794,8733,4,303389
812,28074,6833,1,326234
813,71268,14410,3,8817208
814,33948,7758,1,777978
815,4974,2524,4,24815
816,3608,2440,4,110099
817,320,201,4,3876
818,2077,1158,4,27267
819,755,351,4,3986
820,38794,8733,4,719306
821,35684,8757,5,6423082
822,28074,6833,1,508215
823,71268,14410,3,8963070
824,20595,6521,4,39782
825,33948,7758,1,799677
826,3608,2440,4,126002
827,4974,2524,4,37438
828,2077,1158,4,29481
829,0,0,1,153147
830,38794,8733,4,1115831
831,35684,8757,5,6799704
832,28074,6833,1,680862
833,71268,14410,3,9096334
834,20595,6521,4,73138
835,3608,2440,4,146086
836,33948,7758,1,816440
837,4974,2524,4,46546
838,0,0,1,155441
839,2077,1158,4,31379
840,35684,8757,5,6927697
841,38794,8733,4,1218389
842,71268,14410,3,9166783
843,28074,6833,1,746856
844,33948,7758,1,823306
845,4974,2524,4,52059
846,3608,2440,4,150474
847,100267,22087,1,13898805
848,320,201,4,8631
849,2077,1158,4,32544
850,35684,8757,5,7048012
851,38794,8733,4,1307823
852,71268,14410,3,9232508
853,28074,6833,1,804707
854,33948,7758,1,829688
855,3608,2440,4,155781
856,4974,2524,4,57218
857,100267,22087,1,13901413
858,7670,3729,3,4788
859,320,201,4,9942
860,35684,8757,5,7248794
861,38794,8733,4,1471509
862,20595,6521,4,206271
863,11596,4390,4,78559
864,71268,14410,3,9303870
865,11561,4195,4,62757
866,28074,6833,1,856681
867,3130,1141,4,13462
868,3608,2440,4,160514
869,33948,7758,1,834147
870,35684,8757,5,7362405
871,20595,6521,4,285415
872,38794,8733,4,1548144
873,71268,14410,3,9350367
874,11596,4390,4,117227
875,28074,6833,1,886869
876,11561,4195,4,90488
877,3130,1141,4,18579
878,3608,2440,4,164852
879,0,0,1,33384
880,35684,8757,5,7513910
881,38794,8733,4,1647189
882,20595,6521,4,374866
883,71268,14410,3,9400710
884,11596,4390,4,163673
885,28074,6833,1,917122
886,11561,4195,4,114862
887,3130,1141,4,23901
888,3608,2440,4,169546
889,100267,22087,1,13908898
890,35684,8757,5,7912038
891,38794,8733,4,1966272
892,20595,6521,4,540692
893,71268,14410,3,9491501
894,11596,4390,4,235998
895,28074,6833,1,974121
896,11561,4195,4,149378
897,3608,2440,4,183020
898,3130,1141,4,31146
899,33948,7758,1,841282
900,35684,8757,5,8271797
901,38794,8733,4,2251096
902,20595,6521,4,676161
903,71268,14410,3,9577983
904,11596,4390,4,291328
905,28074,6833,1,1024458
906,11561,4195,4,177340
907,3608,2440,4,199791
908,3130,1141,4,37437
909,0,0,1,44962
910,35684,8757,5,8383471
911,38794,8733,4,2314849
912,20595,6521,4,728272
913,85511,16754,1,52568
914,71268,14410,3,9618495
915,11596,4390,4,314966
916,28074,6833,1,1046596
917,11561,4195,4,189904
918,3130,1141,4,40579
919,3608,2440,4,202608
920,85511,16754,1,726991
921,35684,8757,5,8455881
922,38794,8733,4,2350610
923,71268,14410,3,9641533
924,20595,6521,4,750075
925,11596,4390,4,324987
926,28074,6833,1,1051947
927,11561,4195,4,193241
928,3608,2440,4,204621
929,0,0,1,48484
930,85511,16754,1,1236024
931,35684,8757,5,8535623
932,38794,8733,4,2394219
933,71268,14410,3,9663827
934,20595,6521,4,770203
935,11596,4390,4,335324
936,28074,6833,1,1057059
938,3608,2440,4,207230
939,11561,4195,4,194522
940,85511,16754,1,1663825
941,35684,8757,5,8618750
942,38794,8733,4,2436825
943,71268,14410,3,9685905
944,20595,6521,4,788036
945,11596,4390,4,345308
946,28074,6833,1,1061536
947,7670,3729,3,9284
949,33948,7758,1,847087
950,85511,16754,1,2300354
951,35684,8757,5,8742892
952,38794,8733,4,2498134
953,71268,14410,3,9710702
954,20595,6521,4,809013
955,11596,4390,4,362764
956,28074,6833,1,1065897
957,3608,2440,4,212942
959,82,56,2,4568
960,85511,16754,1,3528284
961,35684,8757,5,8990092
962,38794,8733,4,2642355
963,71268,14410,3,9745376
964,20595,6521,4,834618
965,11596,4390,4,382622
966,3608,2440,4,219537
967,28074,6833,1,1071848
969,428,413,2,5608
970,85511,16754,1,4522056
971,35684,8757,5,9222666
972,38794,8733,4,2783964
973,71268,14410,3,9775783
974,20595,6521,4,853985
975,11596,4390,4,398494
976,3608,2440,4,228366
977,28074,6833,1,1076596
978,428,413,2,8125
980,85511,16754,1,4764168
981,35684,8757,5,9300614
982,38794,8733,4,2815792
983,71268,14410,3,9798724
984,20595,6521,4,868423
985,11596,4390,4,407074
986,14910,4464,2,7639
987,28074,6833,1,1080472
988,3608,2440,4,230160
989,6304,1643,2,2440
990,85511,16754,1,5011450
991,35684,8757,5,9386162
992,38794,8733,4,2852737
993,71268,14410,3,9822011
994,20595,6521,4,881616
995,14910,4464,2,19264
996,11596,4390,4,418102
997,28074,6833,1,1084516
998,3608,2440,4,232331
999,4089,2252,3,2080
1000,85511,16754,1,5216320
1001,35684,8757,5,9464311
1002,14910,4464,2,66655
1003,38794,8733,4,2883069
1004,71268,14410,3,9840114
1005,6304,1643,2,17747
1006,20595,6521,4,888685
1007,11596,4390,4,424184
1008,3608,2440,4,235278
1009,8696,4359,1,2458
1010,85511,16754,1,5383152
1011,35684,8757,5,9537720
1012,14910,4464,2,101406
1013,38794,8733,4,2908207
1014,71268,14410,3,9857045
1015,6304,1643,2,32611
1016,4089,2252,3,13955
1017,3348,2024,3,7301
1018,20595,6521,4,893392
1019,11596,4390,4,428248
1020,85511,16754,1,5614639
1021,35684,8757,5,9638759
1022,38794,8733,4,2940409
1023,14910,4464,2,129872
1024,71268,14410,3,9874204
1025,6304,1643,2,48747
1026,4089,2252,3,24261
1027,11596,4390,4,434752
1028,3608,2440,4,243167
1029,20595,6521,4,899112
1030,85511,16754,1,6203803
1031,35684,8757,5,9902140
1032,38794,8733,4,3045904
1033,14910,4464,2,178502
1034,3348,2024,3,57399
1035,6304,1643,2,79257
1036,71268,14410,3,9898506
1037,11596,4390,4,447576
1038,4089,2252,3,36493
1039,20595,6521,4,907081
1040,85511,16754,1,6685843
1041,35684,8757,5,10161319
1042,38794,8733,4,3151325
1043,3348,2024,3,101245
1044,14910,4464,2,220182
1045,6304,1643,2,106756
1046,71268,14410,3,9921312
1047,11596,4390,4,459037
1048,4089,2252,3,45707
1049,3608,2440,4,256679
1050,85511,16754,1,6795902
1051,35684,8757,5,10241723
1052,38794,8733,4,3171536
1053,14910,4464,2,239802
1054,71268,14410,3,9936368
1055,6304,1643,2,118049
1056,4089,2252,3,52179
1057,20595,6521,4,917189
1058,11596,4390,4,462361
1059,3348,2024,3,103663
1060,85511,16754,1,6897296
1061,35684,8757,5,10325885
1062,38794,8733,4,3192915
1063,14910,4464,2,259310
1064,71268,14410,3,9952318
1065,6304,1643,2,128140
1066,4089,2252,3,59269
1067,20595,6521,4,921203
1068,11596,4390,4,466007
1069,3348,2024,3,106834
1070,72204,13955,2,307407
1071,85511,16754,1,6974152
1072,35684,8757,5,10382205
1073,38794,8733,4,3202956
1074,5495,2912,2,9552
1075,71268,14410,3,9960204
1076,6304,1643,2,133241
1077,14910,4464,2,263920
1078,4089,2252,3,61564
1079,11596,4390,4,467734
1080,72204,13955,2,544742
1081,85511,16754,1,7047900
1082,35684,8757,5,10445195
1083,38794,8733,4,3213620
1084,71268,14410,3,9968650
1085,5495,2912,2,17850
1086,6304,1643,2,138523
1087,6970,1466,3,6584
1088,36572,7695,3,6563
1089,14910,4464,2,267480
1090,72204,13955,2,848624
1091,85511,16754,1,7148288
1092,35684,8757,5,10541050
1093,38794,8733,4,3227631
1094,71268,14410,3,9978291
1095,5495,2912,2,27044
1096,36572,7695,3,13944
1097,6304,1643,2,144417
1098,14910,4464,2,270170
1099,11596,4390,4,471266
1100,72204,13955,2,1591075
1101,35684,8757,5,10746169
1102,85511,16754,1,7336718
1103,38794,8733,4,3256256
1104,71268,14410,3,9990057
1105,7670,3729,3,29284
1106,5495,2912,2,36037
1107,3348,2024,3,117810
1108,6304,1643,2,151004
1109,14910,4464,2,274114
1110,72204,13955,2,2275556
1111,35684,8757,5,10943508
1112,85511,16754,1,7499041
1113,38794,8733,4,3288383
1114,71268,14410,3,10001726
1115,3348,2024,3,127100
1116,7670,3729,3,38403
1117,5495,2912,2,43202
1118,6304,1643,2,157393
1119,3608,2440,4,272208
1120,72204,13955,2,2445816
1121,35684,8757,5,11018676
1122,85511,16754,1,7553334
1123,38794,8733,4,3299800
1124,71268,14410,3,10009229
1125,36572,7695,3,19457
1126,5495,2912,2,47781
1127,6304,1643,2,160965
1128,6210,1464,3,2601
1129,14910,4464,2,280016
1130,72204,13955,2,2604868
1131,35684,8757,5,11092993
1132,85511,16754,1,7604162
1133,38794,8733,4,3312646
1134,71268,14410,3,10017904
1135,2764,832,3,5330
1136,5495,2912,2,52388
1137,6304,1643,2,164371
1138,14910,4464,2,282353
1139,3348,2024,3,129621
1140,36572,7695,3,171349
1141,72204,13955,2,2734017
1142,35684,8757,5,11157365
1143,8178,4009,3,58712
1144,85511,16754,1,7640030
1145,7670,3729,3,54719
1146,6970,1466,3,12317
1147,38794,8733,4,3317626
1148,0,0,3,10030
1149,71268,14410,3,10020769
1150,72204,13955,2,2869265
1151,36572,7695,3,285130
1152,35684,8757,5,11226398
1153,8696,4359,1,38123
1154,85511,16754,1,7674521
1155,8178,4009,3,84086
1156,7670,3729,3,70587
1157,38794,8733,4,3321998
1158,6210,1464,3,8429
1159,71268,14410,3,10024167
1160,72204,13955,2,3026792
1161,36572,7695,3,390195
1162,35684,8757,5,11313807
1163,85511,16754,1,7716915
1164,8696,4359,1,69150
1165,8178,4009,3,103405
1166,7670,3729,3,88770
1167,38794,8733,4,3328494
1168,71268,14410,3,10028046
1169,6210,1464,3,10726
1170,72204,13955,2,3384606
1171,36572,7695,3,589612
1172,35684,8757,5,11493202
1173,85511,16754,1,7800228
1174,8696,4359,1,138044
1175,8178,4009,3,137204
1176,7670,3729,3,116861
1177,38794,8733,4,3341995
1178,71268,14410,3,10034925
1179,3608,2440,4,280374
1180,72204,13955,2,3706701
1181,35684,8757,5,11662008
1182,36572,7695,3,755448
1183,85511,16754,1,7872674
1184,8696,4359,1,209750
1185,8178,4009,3,167765
1186,7670,3729,3,142786
1187,38794,8733,4,3355808
1188,71268,14410,3,10042251
1189,3608,2440,4,283935
1190,72204,13955,2,3866718
1191,35684,8757,5,11758591
1192,36572,7695,3,819649
1193,8696,4359,1,264852
1194,85511,16754,1,7910133
1195,7670,3729,3,158623
1196,8178,4009,3,183401
1197,38794,8733,4,3366407
1198,32,30,1,6782
1199,71268,14410,3,10047412
1200,72204,13955,2,4015353
1201,35684,8757,5,11855279
1202,8696,4359,1,325065
1203,36572,7695,3,879770
1204,85511,16754,1,7948798
1205,6970,1466,3,39219
1206,8178,4009,3,199384
1207,7670,3729,3,174198
1208,38794,8733,4,3377382
1209,6210,1464,3,26021
1210,6970,1466,3,529217
1211,6210,1464,3,406115
1212,2764,832,3,181466
1213,72204,13955,2,4141570
1214,35684,8757,5,11936071
1215,8696,4359,1,362447
1216,36572,7695,3,899992
1217,85511,16754,1,7960091
1218,8178,4009,3,203879
1219,7670,3729,3,176558
